-- phpMyAdmin SQL Dump
-- version 4.0.10deb1
-- http://www.phpmyadmin.net
--
-- Host: localhost
-- Generation Time: Nov 16, 2019 at 10:07 PM
-- Server version: 5.5.35-1ubuntu1
-- PHP Version: 5.5.9-1ubuntu4

SET SQL_MODE = "NO_AUTO_VALUE_ON_ZERO";
SET time_zone = "+00:00";


/*!40101 SET @OLD_CHARACTER_SET_CLIENT=@@CHARACTER_SET_CLIENT */;
/*!40101 SET @OLD_CHARACTER_SET_RESULTS=@@CHARACTER_SET_RESULTS */;
/*!40101 SET @OLD_COLLATION_CONNECTION=@@COLLATION_CONNECTION */;
/*!40101 SET NAMES utf8 */;

--
-- Database: `survey`
--

-- --------------------------------------------------------

--
-- Table structure for table `about`
--

CREATE TABLE IF NOT EXISTS `about` (
  `id` int(11) NOT NULL AUTO_INCREMENT,
  `nama` varchar(25) NOT NULL,
  `value` text NOT NULL,
  PRIMARY KEY (`id`)
) ENGINE=InnoDB  DEFAULT CHARSET=latin1 AUTO_INCREMENT=5 ;

--
-- Dumping data for table `about`
--

INSERT INTO `about` (`id`, `nama`, `value`) VALUES
(1, 'program', 'Sistem Informasi dan Komunikasi Dilmil III-12 Surabaya'),
(2, 'versi', '1.0.0'),
(3, 'creator', 'IT Pengadilan Militer III-12 Surabaya'),
(4, 'title', '');

-- --------------------------------------------------------

--
-- Table structure for table `data`
--

CREATE TABLE IF NOT EXISTS `data` (
  `id` int(11) NOT NULL AUTO_INCREMENT,
  `datetime` datetime NOT NULL,
  PRIMARY KEY (`id`)
) ENGINE=InnoDB  DEFAULT CHARSET=latin1 AUTO_INCREMENT=358 ;

--
-- Dumping data for table `data`
--

INSERT INTO `data` (`id`, `datetime`) VALUES
(2, '2017-11-13 14:02:22'),
(3, '2017-11-13 15:09:29'),
(4, '2017-11-14 07:13:28'),
(5, '2017-11-28 07:10:25'),
(6, '2017-11-28 08:58:06'),
(7, '2017-11-28 09:29:46'),
(8, '2017-11-28 09:44:40'),
(9, '2017-11-28 09:53:05'),
(10, '2017-11-28 13:44:47'),
(11, '2017-11-28 14:34:59'),
(12, '2017-11-29 09:34:27'),
(13, '2017-11-29 09:40:03'),
(14, '2017-11-29 09:45:54'),
(15, '2017-11-29 09:51:08'),
(16, '2017-11-29 10:22:18'),
(17, '2017-11-30 13:01:41'),
(18, '2017-11-30 13:15:49'),
(19, '2017-11-30 13:17:32'),
(20, '2017-11-08 09:52:38'),
(21, '2017-11-08 09:39:44'),
(22, '2017-11-07 14:05:09'),
(23, '2017-11-07 13:47:10'),
(24, '2017-11-07 10:50:56'),
(25, '2017-11-07 09:52:12'),
(26, '2017-11-06 14:03:18'),
(27, '2017-11-06 11:16:15'),
(28, '2017-11-06 11:10:05'),
(29, '2017-11-06 10:21:23'),
(30, '2017-11-06 10:12:52'),
(31, '2017-11-30 16:15:28'),
(32, '2017-11-30 16:16:55'),
(33, '2017-11-30 16:19:14'),
(34, '2017-12-04 15:26:33'),
(35, '2017-11-27 15:29:33'),
(36, '2017-11-28 13:31:26'),
(37, '2017-11-24 10:43:38'),
(38, '2017-11-27 12:35:06'),
(39, '2017-11-13 10:03:44'),
(40, '2017-11-13 10:05:25'),
(41, '2017-11-13 10:07:24'),
(42, '2017-11-13 10:21:21'),
(43, '2017-11-13 10:22:35'),
(44, '2017-11-13 10:27:23'),
(45, '2017-11-14 11:28:21'),
(46, '2017-11-14 10:45:47'),
(47, '2017-11-14 11:05:58'),
(48, '2017-11-15 09:09:54'),
(49, '2017-11-15 11:12:17'),
(50, '2017-11-15 11:34:24'),
(51, '2017-11-15 11:17:58'),
(52, '2017-11-15 11:50:01'),
(53, '2017-11-16 10:22:29'),
(54, '2017-11-16 11:14:02'),
(55, '2017-11-16 11:49:37'),
(56, '2017-11-16 13:12:52'),
(57, '2017-11-14 10:26:07'),
(58, '2017-11-14 08:26:39'),
(59, '2017-11-16 13:21:56'),
(60, '2017-11-24 10:24:11'),
(61, '2017-11-17 10:10:33'),
(62, '2017-11-16 11:40:10'),
(63, '2017-11-16 11:11:16'),
(64, '2017-11-20 09:42:28'),
(65, '2017-11-20 10:53:54'),
(66, '2017-11-20 10:15:37'),
(67, '2017-11-20 11:28:37'),
(68, '2017-11-20 11:09:49'),
(69, '2017-11-20 11:57:58'),
(70, '2017-11-20 12:52:03'),
(71, '2017-11-20 13:27:20'),
(72, '2017-11-21 10:28:46'),
(73, '2017-11-21 10:31:07'),
(74, '2017-11-21 10:52:57'),
(75, '2017-11-21 11:34:12'),
(76, '2017-11-21 12:38:31'),
(77, '2017-11-21 13:39:37'),
(78, '2017-11-22 08:40:50'),
(79, '2017-11-22 09:12:43'),
(80, '2017-11-22 10:23:45'),
(81, '2017-11-22 10:52:32'),
(82, '2017-11-22 11:23:34'),
(83, '2017-11-22 10:54:30'),
(84, '2017-11-22 11:15:39'),
(85, '2017-11-22 10:56:30'),
(86, '2017-11-22 11:27:46'),
(87, '2017-11-22 11:39:57'),
(88, '2017-11-22 13:01:48'),
(89, '2017-11-23 08:09:25'),
(90, '2017-11-23 09:21:28'),
(91, '2017-11-23 10:18:35'),
(92, '2017-11-23 10:29:42'),
(93, '2017-11-23 10:20:45'),
(94, '2017-11-23 10:42:00'),
(95, '2017-11-23 11:22:47'),
(96, '2017-11-23 13:23:42'),
(97, '2017-11-23 13:54:53'),
(98, '2017-11-23 13:45:56'),
(99, '2017-11-24 10:26:48'),
(100, '2017-11-24 11:28:07'),
(101, '2017-11-27 10:29:42'),
(102, '2017-11-27 13:30:52'),
(103, '2017-12-12 12:04:28'),
(104, '2018-03-31 15:23:58'),
(105, '2018-04-03 11:20:14'),
(106, '2018-04-04 15:31:35'),
(107, '2018-04-12 11:30:17'),
(108, '2018-04-19 09:01:29'),
(109, '2018-05-17 14:12:54'),
(110, '2018-11-22 12:44:26'),
(111, '2018-12-04 10:31:27'),
(112, '2018-12-04 10:34:27'),
(113, '2018-12-04 10:36:38'),
(114, '2018-12-04 10:41:21'),
(115, '2018-12-04 16:41:28'),
(116, '2018-12-05 09:48:18'),
(117, '2018-12-06 11:19:32'),
(118, '2018-12-06 11:19:38'),
(119, '2018-12-06 11:21:00'),
(120, '2018-12-06 11:21:53'),
(121, '2018-12-06 11:22:08'),
(122, '2018-12-06 11:23:23'),
(123, '2018-12-06 11:24:14'),
(124, '2018-12-06 11:24:33'),
(125, '2018-12-06 13:56:55'),
(126, '2018-12-13 11:24:07'),
(127, '2018-12-13 11:24:35'),
(128, '2018-12-13 11:27:50'),
(129, '2018-12-13 13:14:30'),
(130, '2018-12-13 14:08:10'),
(131, '2018-12-17 15:53:28'),
(132, '2018-12-18 11:27:44'),
(133, '2018-12-18 11:29:35'),
(134, '2018-12-18 11:30:10'),
(135, '2018-12-18 12:31:00'),
(136, '2018-12-18 12:31:04'),
(137, '2018-12-18 12:33:54'),
(138, '2018-12-18 12:36:34'),
(139, '2018-12-19 09:51:14'),
(140, '2018-12-26 16:20:05'),
(141, '2018-12-26 16:21:14'),
(142, '2018-12-26 16:24:08'),
(143, '2018-12-26 16:24:57'),
(144, '2018-12-26 16:25:00'),
(145, '2018-12-26 16:26:18'),
(146, '2018-12-26 16:27:25'),
(147, '2018-12-26 16:28:24'),
(148, '2018-12-26 16:29:19'),
(149, '2018-12-26 16:30:15'),
(150, '2018-12-26 16:31:39'),
(151, '2018-12-26 16:31:50'),
(152, '2018-12-26 16:32:35'),
(153, '2018-12-26 16:32:58'),
(154, '2018-12-26 16:35:46'),
(155, '2018-12-26 16:36:41'),
(156, '2018-12-26 16:37:31'),
(157, '2018-12-26 16:38:12'),
(158, '2018-12-27 12:41:34'),
(159, '2018-12-27 12:42:20'),
(160, '2018-12-27 12:43:42'),
(161, '2018-12-27 12:45:20'),
(162, '2018-12-27 12:47:12'),
(163, '2018-12-27 12:48:44'),
(164, '2018-12-27 12:51:47'),
(165, '2018-12-27 12:52:57'),
(166, '2018-12-27 13:56:07'),
(167, '2018-12-27 13:57:30'),
(168, '2018-12-27 13:58:39'),
(169, '2018-12-27 13:59:46'),
(170, '2018-12-27 14:00:48'),
(171, '2018-12-27 14:02:42'),
(172, '2018-12-27 14:06:34'),
(173, '2018-12-27 14:08:04'),
(174, '2018-12-27 14:08:39'),
(175, '2018-12-27 14:09:12'),
(176, '2018-12-27 14:09:15'),
(177, '2018-12-27 14:10:22'),
(178, '2018-12-27 14:10:56'),
(179, '2018-12-27 14:11:29'),
(180, '2018-12-27 14:13:06'),
(181, '2018-12-27 14:13:55'),
(182, '2018-12-27 14:14:00'),
(183, '2018-12-27 14:14:24'),
(184, '2018-12-27 14:14:50'),
(185, '2018-12-27 14:15:12'),
(186, '2018-12-27 14:15:21'),
(187, '2018-12-27 14:15:22'),
(188, '2018-12-27 14:15:31'),
(189, '2018-12-27 14:15:53'),
(190, '2018-12-27 14:16:20'),
(191, '2018-12-27 14:16:39'),
(192, '2018-12-27 14:16:51'),
(193, '2018-12-27 14:17:54'),
(194, '2018-12-27 14:17:56'),
(195, '2018-12-27 14:18:34'),
(196, '2018-12-27 14:18:34'),
(197, '2018-12-27 14:19:22'),
(198, '2018-12-27 14:19:25'),
(199, '2018-12-27 14:19:46'),
(200, '2018-12-27 14:20:17'),
(201, '2018-12-27 14:20:53'),
(202, '2018-12-27 14:21:06'),
(203, '2018-12-27 14:22:16'),
(204, '2018-12-27 14:22:32'),
(205, '2018-12-27 14:22:51'),
(206, '2018-12-27 14:23:17'),
(207, '2018-12-27 14:23:52'),
(208, '2018-12-27 14:24:32'),
(209, '2018-12-27 14:24:36'),
(210, '2018-12-27 14:25:15'),
(211, '2018-12-27 14:26:23'),
(212, '2018-12-27 14:27:11'),
(213, '2018-12-27 16:34:53'),
(214, '2019-02-19 09:58:00'),
(215, '2019-02-19 10:00:37'),
(216, '2019-02-19 10:01:54'),
(217, '2019-02-19 10:03:51'),
(218, '2019-02-19 10:05:12'),
(219, '2019-02-19 10:07:58'),
(220, '2019-02-19 10:09:55'),
(221, '2019-02-19 10:12:47'),
(222, '2019-02-19 10:15:12'),
(223, '2019-02-19 10:17:30'),
(224, '2019-02-19 10:21:06'),
(225, '2019-02-19 10:23:12'),
(226, '2019-02-19 10:25:17'),
(227, '2019-02-19 10:31:12'),
(228, '2019-02-19 10:32:46'),
(229, '2019-02-19 10:34:28'),
(230, '2019-02-19 10:35:25'),
(231, '2019-02-19 10:39:11'),
(232, '2019-02-19 11:39:51'),
(233, '2019-03-18 12:15:49'),
(234, '2019-03-18 12:17:37'),
(235, '2019-03-18 12:21:19'),
(236, '2019-03-18 12:24:15'),
(237, '2019-04-08 10:22:34'),
(238, '2019-05-09 12:16:22'),
(239, '2019-06-23 09:41:24'),
(240, '2019-06-24 05:33:33'),
(243, '2019-07-08 15:50:17'),
(244, '2019-07-08 15:52:41'),
(245, '2019-07-08 15:55:09'),
(246, '2019-07-08 15:56:25'),
(247, '2019-07-09 10:59:46'),
(248, '2019-07-09 15:11:46'),
(249, '2019-07-09 16:39:52'),
(250, '2019-07-10 15:09:25'),
(251, '2019-07-11 07:30:33'),
(252, '2019-07-13 19:20:46'),
(253, '2019-07-13 19:22:17'),
(254, '2019-05-29 14:21:09'),
(255, '2019-05-29 13:22:00'),
(256, '2019-05-29 10:23:18'),
(257, '2019-05-29 10:18:24'),
(258, '2019-05-28 11:25:02'),
(259, '2019-05-28 10:26:00'),
(260, '2019-05-27 11:26:42'),
(261, '2019-05-27 09:28:56'),
(262, '2019-05-22 13:29:42'),
(263, '2019-05-22 09:30:32'),
(264, '2019-05-21 11:27:40'),
(265, '2019-05-21 16:09:28'),
(266, '2019-05-21 13:42:03'),
(267, '2019-05-21 12:39:57'),
(268, '2019-05-21 10:29:38'),
(269, '2019-05-21 08:11:33'),
(270, '2019-05-21 10:10:17'),
(271, '2019-05-16 10:10:05'),
(272, '2019-05-14 09:46:55'),
(273, '2019-05-14 10:45:39'),
(274, '2019-05-14 09:53:17'),
(275, '2019-05-14 09:17:01'),
(276, '2019-05-09 11:10:45'),
(277, '2019-05-14 08:41:34'),
(278, '2019-05-08 12:24:24'),
(279, '2019-05-08 11:09:06'),
(280, '2019-05-07 14:29:47'),
(281, '2019-05-07 12:34:39'),
(282, '2019-05-07 10:47:20'),
(283, '2019-07-07 09:45:54'),
(284, '2019-05-07 08:47:52'),
(285, '2019-05-07 08:35:46'),
(286, '2019-05-02 10:49:27'),
(287, '2019-05-02 09:35:10'),
(288, '2019-04-30 12:28:57'),
(289, '2019-04-30 09:45:34'),
(290, '2019-04-30 09:36:10'),
(291, '2019-04-30 09:01:34'),
(294, '2019-04-30 08:52:52'),
(295, '2019-04-30 08:08:57'),
(296, '2019-04-29 14:06:22'),
(297, '2019-04-24 10:22:09'),
(298, '2019-04-24 08:52:47'),
(299, '2019-04-16 11:13:20'),
(300, '2019-04-16 09:15:05'),
(301, '2019-04-15 10:16:38'),
(302, '2019-04-14 09:20:51'),
(303, '2019-04-11 13:21:38'),
(304, '2019-04-11 11:42:30'),
(305, '2019-04-11 12:23:08'),
(306, '2019-04-11 10:35:59'),
(307, '2019-04-11 10:25:03'),
(308, '2019-04-11 09:25:57'),
(309, '2019-04-10 12:26:58'),
(310, '2019-04-10 11:20:51'),
(311, '2019-04-10 09:22:38'),
(312, '2019-04-10 08:42:26'),
(313, '2019-04-10 08:24:14'),
(314, '2019-04-09 10:32:55'),
(317, '2019-04-08 12:28:23'),
(318, '2019-04-08 11:21:26'),
(319, '2019-04-08 09:18:15'),
(320, '2019-04-08 08:14:23'),
(321, '2019-04-08 07:54:27'),
(322, '2019-04-04 11:33:29'),
(323, '2019-04-04 08:28:34'),
(324, '2019-04-04 08:12:31'),
(325, '2019-04-02 12:36:18'),
(326, '2019-03-27 11:37:12'),
(327, '2019-03-26 10:38:00'),
(328, '2019-03-20 10:38:43'),
(329, '2019-03-20 08:49:22'),
(330, '2019-03-19 09:39:57'),
(331, '2019-07-15 14:50:36'),
(332, '2019-07-15 14:55:34'),
(333, '2019-07-16 09:20:05'),
(334, '2019-07-23 10:58:22'),
(335, '2019-08-13 09:47:34'),
(336, '2019-08-13 10:52:24'),
(337, '2019-08-13 10:59:26'),
(338, '2019-08-13 11:12:53'),
(339, '2019-08-13 11:15:57'),
(340, '2019-08-22 09:51:44'),
(341, '2019-08-22 10:05:45'),
(342, '2019-08-22 16:30:39'),
(343, '2019-08-27 14:16:48'),
(344, '2019-09-02 15:49:43'),
(345, '2019-09-05 11:25:51'),
(346, '2019-09-05 11:28:04'),
(347, '2019-09-05 11:29:33'),
(348, '2019-09-17 10:18:31'),
(349, '2019-09-17 10:32:43'),
(350, '2019-09-17 11:46:26'),
(351, '2019-09-17 11:50:04'),
(352, '2019-10-16 12:10:56'),
(353, '2019-10-16 12:12:38'),
(354, '2019-10-16 12:15:45'),
(355, '2019-10-17 15:43:52'),
(356, '2019-11-05 11:11:11'),
(357, '2019-11-13 09:17:48');

-- --------------------------------------------------------

--
-- Table structure for table `data_jawaban`
--

CREATE TABLE IF NOT EXISTS `data_jawaban` (
  `id` int(11) NOT NULL AUTO_INCREMENT,
  `id_data` int(11) NOT NULL,
  `id_pertanyaan` int(11) NOT NULL,
  `jawaban` text NOT NULL,
  `bobot` int(11) NOT NULL,
  PRIMARY KEY (`id`)
) ENGINE=InnoDB  DEFAULT CHARSET=latin1 AUTO_INCREMENT=4945 ;

--
-- Dumping data for table `data_jawaban`
--

INSERT INTO `data_jawaban` (`id`, `id_data`, `id_pertanyaan`, `jawaban`, `bobot`) VALUES
(1, 1, 1, 'Laki-laki', 0),
(2, 1, 2, 'Mudah', 3),
(3, 1, 3, 'Sangat Baik', 4),
(4, 1, 4, 'Cepat', 3),
(5, 1, 5, 'Murah', 3),
(6, 1, 6, 'Memuaskan', 3),
(7, 1, 7, 'Sangat Mampu', 4),
(8, 1, 8, 'Baik', 3),
(9, 1, 9, 'Sangat Memuaskan', 4),
(10, 1, 10, 'Cukup Baik', 2),
(11, 1, 11, 'ok\n', 0),
(12, 1, 12, '45', 0),
(13, 1, 13, 'SD', 0),
(14, 1, 14, 'Pegawai Swasta', 0),
(15, 2, 1, 'Perempuan', 0),
(16, 2, 2, 'Sangat Mudah', 4),
(17, 2, 3, 'Sangat Baik', 4),
(18, 2, 4, 'Sangat Cepat', 4),
(19, 2, 5, 'Tidak dipungut biaya', 4),
(20, 2, 6, 'Sangat Memuaskan', 4),
(21, 2, 7, 'Sangat Mampu', 4),
(22, 2, 8, 'Sangat baik', 4),
(23, 2, 9, 'Sangat Memuaskan', 4),
(24, 2, 10, 'Sangat Baik', 4),
(25, 2, 12, '38', 0),
(26, 2, 13, 'Sarjana (S1)', 0),
(27, 2, 14, 'PNS', 0),
(28, 3, 1, 'Laki-laki', 0),
(29, 3, 2, 'Sangat Mudah', 4),
(30, 3, 3, 'Sangat Baik', 4),
(31, 3, 4, 'Sangat Cepat', 4),
(32, 3, 5, 'Tidak dipungut biaya', 4),
(33, 3, 6, 'Sangat Memuaskan', 4),
(34, 3, 7, 'Sangat Mampu', 4),
(35, 3, 8, 'Sangat baik', 4),
(36, 3, 9, 'Sangat Memuaskan', 4),
(37, 3, 10, 'Sangat Baik', 4),
(38, 3, 12, '38', 0),
(39, 3, 13, 'Sarjana (S1)', 0),
(40, 3, 14, 'PNS', 0),
(41, 4, 1, 'Laki-laki', 0),
(42, 4, 2, 'Cukup Mudah', 2),
(43, 4, 3, 'Baik', 3),
(44, 4, 4, 'Cepat', 3),
(45, 4, 5, 'Murah', 3),
(46, 4, 6, 'Cukup Memuaskan', 2),
(47, 4, 7, 'Kurang Mampu', 2),
(48, 4, 8, 'Cukup Baik', 2),
(49, 4, 9, 'Memuaskan', 3),
(50, 4, 10, 'Cukup Baik', 2),
(51, 4, 11, 'uji coba sran', 0),
(52, 4, 12, '24', 0),
(53, 4, 13, 'SMP/SLTP', 0),
(54, 4, 14, 'Pegawai Swasta', 0),
(55, 5, 1, 'Perempuan', 0),
(56, 5, 2, 'Mudah', 3),
(57, 5, 3, 'Baik', 3),
(58, 5, 4, 'Cukup Cepat', 2),
(59, 5, 5, 'Tidak dipungut biaya', 4),
(60, 5, 6, 'Memuaskan', 3),
(61, 5, 7, 'Mampu', 3),
(62, 5, 8, 'Baik', 3),
(63, 5, 9, 'Cukup Memuaskan', 2),
(64, 5, 10, 'Baik', 3),
(65, 5, 11, 'Ruang tunggu sidang cukup nyaman', 0),
(66, 5, 12, '35', 0),
(67, 5, 13, 'SLTA', 0),
(68, 5, 14, 'TNI/Polri', 0),
(69, 6, 1, 'Laki-laki', 0),
(70, 6, 2, 'Sangat Mudah', 4),
(71, 6, 3, 'Sangat Baik', 4),
(72, 6, 4, 'Cepat', 3),
(73, 6, 5, 'Tidak dipungut biaya', 4),
(74, 6, 6, 'Sangat Memuaskan', 4),
(75, 6, 7, 'Mampu', 3),
(76, 6, 8, 'Baik', 3),
(77, 6, 9, 'Memuaskan', 3),
(78, 6, 10, 'Baik', 3),
(79, 6, 11, 'lingkungannya bersih', 0),
(80, 6, 12, '38', 0),
(81, 6, 13, 'SLTA', 0),
(82, 6, 14, 'TNI/Polri', 0),
(83, 7, 1, 'Laki-laki', 0),
(84, 7, 2, 'Mudah', 3),
(85, 7, 3, 'Baik', 3),
(86, 7, 4, 'Cepat', 3),
(87, 7, 5, 'Tidak dipungut biaya', 4),
(88, 7, 6, 'Sangat Memuaskan', 4),
(89, 7, 7, 'Sangat Mampu', 4),
(90, 7, 8, 'Sangat baik', 4),
(91, 7, 9, 'Memuaskan', 3),
(92, 7, 10, 'Baik', 3),
(93, 7, 11, 'Terimakasih untuk Pengadilan Militer 111-12 Surabaya yang telah menangani perkara kami.\nAgar kedepan lebih cepat lagi dalam hal surat menyurat karena berkaitan dengan dinas kami diluar jawa.\nDemikian terimakasih.', 0),
(94, 7, 12, '24', 0),
(95, 7, 13, 'SLTA', 0),
(96, 7, 14, 'TNI/Polri', 0),
(97, 8, 1, 'Laki-laki', 0),
(98, 8, 2, 'Sangat Mudah', 4),
(99, 8, 3, 'Sangat Baik', 4),
(100, 8, 4, 'Cepat', 3),
(101, 8, 5, 'Tidak dipungut biaya', 4),
(102, 8, 6, 'Memuaskan', 3),
(103, 8, 7, 'Mampu', 3),
(104, 8, 8, 'Sangat baik', 4),
(105, 8, 9, 'Memuaskan', 3),
(106, 8, 10, 'Baik', 3),
(107, 8, 12, '24', 0),
(108, 8, 13, 'SLTA', 0),
(109, 8, 14, 'TNI/Polri', 0),
(110, 9, 1, 'Laki-laki', 0),
(111, 9, 2, 'Mudah', 3),
(112, 9, 3, 'Baik', 3),
(113, 9, 4, 'Cukup Cepat', 2),
(114, 9, 5, 'Tidak dipungut biaya', 4),
(115, 9, 6, 'Cukup Memuaskan', 2),
(116, 9, 7, 'Mampu', 3),
(117, 9, 8, 'Baik', 3),
(118, 9, 9, 'Cukup Memuaskan', 2),
(119, 9, 10, 'Cukup Baik', 2),
(120, 9, 12, '27', 0),
(121, 9, 13, 'SLTA', 0),
(122, 9, 14, 'TNI/Polri', 0),
(123, 10, 1, 'Laki-laki', 0),
(124, 10, 2, 'Sangat Mudah', 4),
(125, 10, 3, 'Baik', 3),
(126, 10, 4, 'Cepat', 3),
(127, 10, 5, 'Tidak dipungut biaya', 4),
(128, 10, 6, 'Memuaskan', 3),
(129, 10, 7, 'Mampu', 3),
(130, 10, 8, 'Baik', 3),
(131, 10, 9, 'Memuaskan', 3),
(132, 10, 10, 'Baik', 3),
(133, 10, 11, 'mohon dapatnya peningkatan pelayanan sehingga kedepan menjadi lebih baik', 0),
(134, 10, 12, '40', 0),
(135, 10, 13, 'Sarjana (S1)', 0),
(136, 10, 14, 'TNI/Polri', 0),
(137, 11, 1, 'Laki-laki', 0),
(138, 11, 2, 'Sangat Mudah', 4),
(139, 11, 3, 'Sangat Baik', 4),
(140, 11, 4, 'Sangat Cepat', 4),
(141, 11, 5, 'Tidak dipungut biaya', 4),
(142, 11, 6, 'Sangat Memuaskan', 4),
(143, 11, 7, 'Sangat Mampu', 4),
(144, 11, 8, 'Sangat baik', 4),
(145, 11, 9, 'Sangat Memuaskan', 4),
(146, 11, 10, 'Sangat Baik', 4),
(147, 11, 11, 'Kinerja di Pengadilan Militer sangat baik tetap dipertahankan. ', 0),
(148, 11, 12, '43', 0),
(149, 11, 13, 'Sarjana (S1)', 0),
(150, 11, 14, 'Pegawai Swasta', 0),
(151, 12, 1, 'Laki-laki', 0),
(152, 12, 2, 'Sangat Mudah', 4),
(153, 12, 3, 'Sangat Baik', 4),
(154, 12, 4, 'Sangat Cepat', 4),
(155, 12, 5, 'Tidak dipungut biaya', 4),
(156, 12, 6, 'Sangat Memuaskan', 4),
(157, 12, 7, 'Sangat Mampu', 4),
(158, 12, 8, 'Sangat baik', 4),
(159, 12, 9, 'Sangat Memuaskan', 4),
(160, 12, 10, 'Sangat Baik', 4),
(161, 12, 11, 'tidak ada saran', 0),
(162, 12, 12, '31', 0),
(163, 12, 13, 'SLTA', 0),
(164, 12, 14, 'Lainnya', 0),
(165, 13, 1, 'Perempuan', 0),
(166, 13, 2, 'Mudah', 3),
(167, 13, 3, 'Baik', 3),
(168, 13, 4, 'Cepat', 3),
(169, 13, 5, 'Tidak dipungut biaya', 4),
(170, 13, 6, 'Memuaskan', 3),
(171, 13, 7, 'Mampu', 3),
(172, 13, 8, 'Sangat baik', 4),
(173, 13, 9, 'Memuaskan', 3),
(174, 13, 10, 'Baik', 3),
(175, 13, 11, 'mohon ijin untuk kantin ditambah agar kenyamanan pengunjung pengadilan merasa nyaman sambil menunggu jalannya proses pengadilan.', 0),
(176, 13, 12, '34', 0),
(177, 13, 13, 'Sarjana (S1)', 0),
(178, 13, 14, 'Lainnya', 0),
(179, 14, 1, 'Laki-laki', 0),
(180, 14, 2, 'Mudah', 3),
(181, 14, 3, 'Baik', 3),
(182, 14, 4, 'Cukup Cepat', 2),
(183, 14, 5, 'Tidak dipungut biaya', 4),
(184, 14, 6, 'Cukup Memuaskan', 2),
(185, 14, 7, 'Mampu', 3),
(186, 14, 8, 'Sangat baik', 4),
(187, 14, 9, 'Sangat Memuaskan', 4),
(188, 14, 10, 'Baik', 3),
(189, 14, 11, 'untuk para petugas agar lebih semangat lagi untuk menjalankan tugas dan tanggung jawabnya ', 0),
(190, 14, 12, '21', 0),
(191, 14, 13, 'SLTA', 0),
(192, 14, 14, 'TNI/Polri', 0),
(193, 15, 1, 'Laki-laki', 0),
(194, 15, 2, 'Cukup Mudah', 2),
(195, 15, 3, 'Sangat Baik', 4),
(196, 15, 4, 'Cepat', 3),
(197, 15, 5, 'Tidak dipungut biaya', 4),
(198, 15, 6, 'Sangat Memuaskan', 4),
(199, 15, 7, 'Sangat Mampu', 4),
(200, 15, 8, 'Sangat baik', 4),
(201, 15, 9, 'Memuaskan', 3),
(202, 15, 10, 'Sangat Baik', 4),
(203, 15, 11, 'semoga para pegawai/petugas tetap semangat dan mempertahankan kualitas kinerjanya kalo bisa di tingkat lagi.', 0),
(204, 15, 12, '30', 0),
(205, 15, 13, 'SLTA', 0),
(206, 15, 14, 'TNI/Polri', 0),
(207, 16, 1, 'Laki-laki', 0),
(208, 16, 2, 'Sangat Mudah', 4),
(209, 16, 3, 'Baik', 3),
(210, 16, 4, 'Cepat', 3),
(211, 16, 5, 'Tidak dipungut biaya', 4),
(212, 16, 6, 'Sangat Memuaskan', 4),
(213, 16, 7, 'Mampu', 3),
(214, 16, 8, 'Sangat baik', 4),
(215, 16, 9, 'Sangat Memuaskan', 4),
(216, 16, 10, 'Sangat Baik', 4),
(217, 16, 12, '35', 0),
(218, 16, 13, 'Pasca Sarjana (S2/S3)', 0),
(219, 16, 14, 'TNI/Polri', 0),
(220, 17, 1, 'Laki-laki', 0),
(221, 17, 2, 'Mudah', 3),
(222, 17, 3, 'Baik', 3),
(223, 17, 4, 'Cukup Cepat', 2),
(224, 17, 5, 'Tidak dipungut biaya', 4),
(225, 17, 6, 'Memuaskan', 3),
(226, 17, 7, 'Mampu', 3),
(227, 17, 8, 'Baik', 3),
(228, 17, 9, 'Memuaskan', 3),
(229, 17, 10, 'Baik', 3),
(230, 17, 11, 'Ruang tunggu tidak ada AC, sehingga terasa panas', 0),
(231, 17, 12, '29', 0),
(232, 17, 13, 'SLTA', 0),
(233, 17, 14, 'TNI/Polri', 0),
(234, 18, 1, 'Laki-laki', 0),
(235, 18, 2, 'Sangat Mudah', 4),
(236, 18, 3, 'Sangat Baik', 4),
(237, 18, 4, 'Sangat Cepat', 4),
(238, 18, 5, 'Tidak dipungut biaya', 4),
(239, 18, 6, 'Sangat Memuaskan', 4),
(240, 18, 7, 'Sangat Mampu', 4),
(241, 18, 8, 'Sangat baik', 4),
(242, 18, 9, 'Sangat Memuaskan', 4),
(243, 18, 10, 'Sangat Baik', 4),
(244, 18, 11, 'Tidak ada saran', 0),
(245, 18, 12, '30', 0),
(246, 18, 13, 'SLTA', 0),
(247, 18, 14, 'TNI/Polri', 0),
(248, 19, 1, 'Laki-laki', 0),
(249, 19, 2, 'Cukup Mudah', 2),
(250, 19, 3, 'Baik', 3),
(251, 19, 4, 'Cepat', 3),
(252, 19, 5, 'Tidak dipungut biaya', 4),
(253, 19, 6, 'Memuaskan', 3),
(254, 19, 7, 'Sangat Mampu', 4),
(255, 19, 8, 'Sangat baik', 4),
(256, 19, 9, 'Memuaskan', 3),
(257, 19, 10, 'Baik', 3),
(258, 19, 11, 'Tidak ada', 0),
(259, 19, 12, '35', 0),
(260, 19, 13, 'SLTA', 0),
(261, 19, 14, 'TNI/Polri', 0),
(262, 20, 1, 'Laki-laki', 0),
(263, 20, 2, 'Sangat Mudah', 4),
(264, 20, 3, 'Sangat Baik', 4),
(265, 20, 4, 'Sangat Cepat', 4),
(266, 20, 5, 'Tidak dipungut biaya', 4),
(267, 20, 6, 'Sangat Memuaskan', 4),
(268, 20, 7, 'Sangat Mampu', 4),
(269, 20, 8, 'Sangat baik', 4),
(270, 20, 9, 'Sangat Memuaskan', 4),
(271, 20, 10, 'Baik', 3),
(272, 20, 11, 'Pelayanan sudah bagus', 0),
(273, 20, 12, '30', 0),
(274, 20, 13, 'SLTA', 0),
(275, 20, 14, 'TNI/Polri', 0),
(276, 21, 1, 'Laki-laki', 0),
(277, 21, 2, 'Sangat Mudah', 4),
(278, 21, 3, 'Sangat Baik', 4),
(279, 21, 4, 'Sangat Cepat', 4),
(280, 21, 5, 'Tidak dipungut biaya', 4),
(281, 21, 6, 'Sangat Memuaskan', 4),
(282, 21, 7, 'Sangat Mampu', 4),
(283, 21, 8, 'Sangat baik', 4),
(284, 21, 9, 'Sangat Memuaskan', 4),
(285, 21, 10, 'Sangat Baik', 4),
(286, 21, 11, '-', 0),
(287, 21, 12, '32', 0),
(288, 21, 13, 'SLTA', 0),
(289, 21, 14, 'TNI/Polri', 0),
(290, 22, 1, 'Laki-laki', 0),
(291, 22, 2, 'Sangat Mudah', 4),
(292, 22, 3, 'Sangat Baik', 4),
(293, 22, 4, 'Sangat Cepat', 4),
(294, 22, 5, 'Tidak dipungut biaya', 4),
(295, 22, 6, 'Sangat Memuaskan', 4),
(296, 22, 7, 'Sangat Mampu', 4),
(297, 22, 8, 'Sangat baik', 4),
(298, 22, 9, 'Sangat Memuaskan', 4),
(299, 22, 10, 'Sangat Baik', 4),
(300, 22, 12, '31', 0),
(301, 22, 13, 'SLTA', 0),
(302, 22, 14, 'TNI/Polri', 0),
(303, 23, 1, 'Laki-laki', 0),
(304, 23, 2, 'Sangat Mudah', 4),
(305, 23, 3, 'Sangat Baik', 4),
(306, 23, 4, 'Sangat Cepat', 4),
(307, 23, 5, 'Tidak dipungut biaya', 4),
(308, 23, 6, 'Sangat Memuaskan', 4),
(309, 23, 7, 'Sangat Mampu', 4),
(310, 23, 8, 'Sangat baik', 4),
(311, 23, 9, 'Sangat Memuaskan', 4),
(312, 23, 10, 'Sangat Baik', 4),
(313, 23, 11, 'Sudah Bagus', 0),
(314, 23, 12, '28', 0),
(315, 23, 13, 'SLTA', 0),
(316, 23, 14, 'TNI/Polri', 0),
(317, 24, 1, 'Perempuan', 0),
(318, 24, 2, 'Mudah', 3),
(319, 24, 3, 'Baik', 3),
(320, 24, 4, 'Cepat', 3),
(321, 24, 5, 'Murah', 3),
(322, 24, 6, 'Memuaskan', 3),
(323, 24, 7, 'Mampu', 3),
(324, 24, 8, 'Baik', 3),
(325, 24, 9, 'Memuaskan', 3),
(326, 24, 10, 'Baik', 3),
(327, 24, 11, '-', 0),
(328, 24, 12, '21', 0),
(329, 24, 13, 'SLTA', 0),
(330, 24, 14, 'Pelajar/Mahasiswa', 0),
(331, 25, 1, 'Perempuan', 0),
(332, 25, 2, 'Sangat Mudah', 4),
(333, 25, 3, 'Sangat Baik', 4),
(334, 25, 4, 'Sangat Cepat', 4),
(335, 25, 5, 'Tidak dipungut biaya', 4),
(336, 25, 6, 'Sangat Memuaskan', 4),
(337, 25, 7, 'Sangat Mampu', 4),
(338, 25, 8, 'Sangat baik', 4),
(339, 25, 9, 'Sangat Memuaskan', 4),
(340, 25, 10, 'Sangat Baik', 4),
(341, 25, 11, 'Ruangan bersih', 0),
(342, 25, 12, '21', 0),
(343, 25, 13, 'SLTA', 0),
(344, 25, 14, 'Pelajar/Mahasiswa', 0),
(345, 26, 1, 'Laki-laki', 0),
(346, 26, 2, 'Cukup Mudah', 2),
(347, 26, 3, 'Baik', 3),
(348, 26, 4, 'Cukup Cepat', 2),
(349, 26, 5, 'Tidak dipungut biaya', 4),
(350, 26, 6, 'Cukup Memuaskan', 2),
(351, 26, 7, 'Sangat Mampu', 4),
(352, 26, 8, 'Baik', 3),
(353, 26, 9, 'Cukup Memuaskan', 2),
(354, 26, 10, 'Baik', 3),
(355, 26, 11, 'Supaya sidang bisa tepat waktu', 0),
(356, 26, 12, '45', 0),
(357, 26, 13, 'SLTA', 0),
(358, 26, 14, 'TNI/Polri', 0),
(359, 27, 1, 'Laki-laki', 0),
(360, 27, 2, 'Sangat Mudah', 4),
(361, 27, 3, 'Sangat Baik', 4),
(362, 27, 4, 'Cepat', 3),
(363, 27, 5, 'Tidak dipungut biaya', 4),
(364, 27, 6, 'Memuaskan', 3),
(365, 27, 7, 'Sangat Mampu', 4),
(366, 27, 8, 'Baik', 3),
(367, 27, 9, 'Memuaskan', 3),
(368, 27, 10, 'Baik', 3),
(369, 27, 11, 'Cukup memuaskan', 0),
(370, 27, 12, '26', 0),
(371, 27, 13, 'SLTA', 0),
(372, 27, 14, 'TNI/Polri', 0),
(373, 28, 1, 'Perempuan', 0),
(374, 28, 2, 'Mudah', 3),
(375, 28, 3, 'Cukup Baik', 2),
(376, 28, 4, 'Cukup Cepat', 2),
(377, 28, 5, 'Tidak dipungut biaya', 4),
(378, 28, 6, 'Memuaskan', 3),
(379, 28, 7, 'Sangat Mampu', 4),
(380, 28, 8, 'Baik', 3),
(381, 28, 9, 'Memuaskan', 3),
(382, 28, 10, 'Baik', 3),
(383, 28, 11, 'Cukup memuaskan. supaya bisa transparan', 0),
(384, 28, 12, '37', 0),
(385, 28, 13, 'Sarjana (S1)', 0),
(386, 28, 14, 'PNS', 0),
(387, 29, 1, 'Laki-laki', 0),
(388, 29, 2, 'Mudah', 3),
(389, 29, 3, 'Baik', 3),
(390, 29, 4, 'Cepat', 3),
(391, 29, 5, 'Tidak dipungut biaya', 4),
(392, 29, 6, 'Memuaskan', 3),
(393, 29, 7, 'Mampu', 3),
(394, 29, 8, 'Baik', 3),
(395, 29, 9, 'Memuaskan', 3),
(396, 29, 10, 'Baik', 3),
(397, 29, 11, '-', 0),
(398, 29, 12, '37', 0),
(399, 29, 13, 'Sarjana (S1)', 0),
(400, 29, 14, 'TNI/Polri', 0),
(401, 30, 1, 'Laki-laki', 0),
(402, 30, 2, 'Sangat Mudah', 4),
(403, 30, 3, 'Cukup Baik', 2),
(404, 30, 4, 'Cukup Cepat', 2),
(405, 30, 5, 'Tidak dipungut biaya', 4),
(406, 30, 6, 'Sangat Memuaskan', 4),
(407, 30, 7, 'Sangat Mampu', 4),
(408, 30, 8, 'Sangat baik', 4),
(409, 30, 9, 'Cukup Memuaskan', 2),
(410, 30, 10, 'Cukup Baik', 2),
(411, 30, 12, '51', 0),
(412, 30, 13, 'SLTA', 0),
(413, 30, 14, 'PNS', 0),
(414, 31, 1, 'Laki-laki', 0),
(415, 31, 2, 'Cukup Mudah', 2),
(416, 31, 3, 'Cukup Baik', 2),
(417, 31, 4, 'Cukup Cepat', 2),
(418, 31, 5, 'Tidak dipungut biaya', 4),
(419, 31, 6, 'Memuaskan', 3),
(420, 31, 7, 'Mampu', 3),
(421, 31, 8, 'Baik', 3),
(422, 31, 9, 'Memuaskan', 3),
(423, 31, 10, 'Baik', 3),
(424, 31, 11, 'Agar tepat waktu', 0),
(425, 31, 12, '51', 0),
(426, 31, 13, 'Sarjana (S1)', 0),
(427, 31, 14, 'TNI/Polri', 0),
(428, 32, 1, 'Laki-laki', 0),
(429, 32, 2, 'Sangat Mudah', 4),
(430, 32, 3, 'Sangat Baik', 4),
(431, 32, 4, 'Sangat Cepat', 4),
(432, 32, 5, 'Tidak dipungut biaya', 4),
(433, 32, 6, 'Sangat Memuaskan', 4),
(434, 32, 7, 'Sangat Mampu', 4),
(435, 32, 8, 'Sangat baik', 4),
(436, 32, 9, 'Sangat Memuaskan', 4),
(437, 32, 10, 'Sangat Baik', 4),
(438, 32, 11, 'Ditingkatkan kemampuan SDM', 0),
(439, 32, 12, '31', 0),
(440, 32, 13, 'SLTA', 0),
(441, 32, 14, 'TNI/Polri', 0),
(442, 33, 1, 'Perempuan', 0),
(443, 33, 2, 'Sangat Mudah', 4),
(444, 33, 3, 'Baik', 3),
(445, 33, 4, 'Cepat', 3),
(446, 33, 5, 'Tidak dipungut biaya', 4),
(447, 33, 6, 'Memuaskan', 3),
(448, 33, 7, 'Sangat Mampu', 4),
(449, 33, 8, 'Sangat baik', 4),
(450, 33, 9, 'Sangat Memuaskan', 4),
(451, 33, 10, 'Sangat Baik', 4),
(452, 33, 11, 'Ditingkatkan lagi agar lebih bagus', 0),
(453, 33, 12, '44', 0),
(454, 33, 13, 'SLTA', 0),
(455, 33, 14, 'PNS', 0),
(456, 34, 1, 'Laki-laki', 0),
(457, 34, 2, 'Sangat Mudah', 4),
(458, 34, 3, 'Sangat Baik', 4),
(459, 34, 4, 'Sangat Cepat', 4),
(460, 34, 5, 'Tidak dipungut biaya', 4),
(461, 34, 6, 'Sangat Memuaskan', 4),
(462, 34, 7, 'Mampu', 3),
(463, 34, 8, 'Baik', 3),
(464, 34, 9, 'Sangat Memuaskan', 4),
(465, 34, 10, 'Baik', 3),
(466, 34, 11, 'pada dasarnya sudah baik perlu dipertahankan atau lebih ditingkatkan', 0),
(467, 34, 12, '27', 0),
(468, 34, 13, 'SLTA', 0),
(469, 34, 14, 'TNI/Polri', 0),
(470, 35, 1, 'Laki-laki', 0),
(471, 35, 2, 'Cukup Mudah', 2),
(472, 35, 3, 'Cukup Baik', 2),
(473, 35, 4, 'Cukup Cepat', 2),
(474, 35, 5, 'Tidak dipungut biaya', 4),
(475, 35, 6, 'Cukup Memuaskan', 2),
(476, 35, 7, 'Sangat Mampu', 4),
(477, 35, 8, 'Sangat baik', 4),
(478, 35, 9, 'Cukup Memuaskan', 2),
(479, 35, 10, 'Cukup Baik', 2),
(480, 35, 11, 'Dari 9 pertanyaan Pengadilan Militer III-12 Surabaya cukup baik dan memuaskan agar dipertahankan dan kelak perlu ditingkatkan.', 0),
(481, 35, 12, '44', 0),
(482, 35, 13, 'SLTA', 0),
(483, 35, 14, 'TNI/Polri', 0),
(484, 36, 1, 'Laki-laki', 0),
(485, 36, 2, 'Sangat Mudah', 4),
(486, 36, 3, 'Sangat Baik', 4),
(487, 36, 4, 'Sangat Cepat', 4),
(488, 36, 5, 'Tidak dipungut biaya', 4),
(489, 36, 6, 'Sangat Memuaskan', 4),
(490, 36, 7, 'Sangat Mampu', 4),
(491, 36, 8, 'Sangat baik', 4),
(492, 36, 9, 'Sangat Memuaskan', 4),
(493, 36, 10, 'Sangat Baik', 4),
(494, 36, 11, 'sudah sangat memuaskan perlu dipertahankan dan ditingkatkan lagi.', 0),
(495, 36, 12, '28', 0),
(496, 36, 13, 'SLTA', 0),
(497, 36, 14, 'TNI/Polri', 0),
(498, 37, 1, 'Laki-laki', 0),
(499, 37, 2, 'Sangat Mudah', 4),
(500, 37, 3, 'Sangat Baik', 4),
(501, 37, 4, 'Sangat Cepat', 4),
(502, 37, 5, 'Tidak dipungut biaya', 4),
(503, 37, 6, 'Sangat Memuaskan', 4),
(504, 37, 7, 'Sangat Mampu', 4),
(505, 37, 8, 'Sangat baik', 4),
(506, 37, 9, 'Sangat Memuaskan', 4),
(507, 37, 10, 'Sangat Baik', 4),
(508, 37, 11, 'sudah sangat memuaskan perlu dipertahankan dan ditingkatkan', 0),
(509, 37, 12, '36', 0),
(510, 37, 13, 'SLTA', 0),
(511, 37, 14, 'TNI/Polri', 0),
(512, 38, 1, 'Laki-laki', 0),
(513, 38, 2, 'Sangat Mudah', 4),
(514, 38, 3, 'Sangat Baik', 4),
(515, 38, 4, 'Sangat Cepat', 4),
(516, 38, 5, 'Tidak dipungut biaya', 4),
(517, 38, 6, 'Sangat Memuaskan', 4),
(518, 38, 7, 'Sangat Mampu', 4),
(519, 38, 8, 'Sangat baik', 4),
(520, 38, 9, 'Sangat Memuaskan', 4),
(521, 38, 10, 'Sangat Baik', 4),
(522, 38, 11, 'sudah sangat baik', 0),
(523, 38, 12, '35', 0),
(524, 38, 13, 'SMP/SLTP', 0),
(525, 38, 14, 'TNI/Polri', 0),
(526, 39, 1, 'Perempuan', 0),
(527, 39, 2, 'Sangat Mudah', 4),
(528, 39, 3, 'Baik', 3),
(529, 39, 4, 'Cepat', 3),
(530, 39, 5, 'Tidak dipungut biaya', 4),
(531, 39, 6, 'Sangat Memuaskan', 4),
(532, 39, 7, 'Sangat Mampu', 4),
(533, 39, 8, 'Sangat baik', 4),
(534, 39, 9, 'Sangat Memuaskan', 4),
(535, 39, 10, 'Sangat Baik', 4),
(536, 39, 11, 'Sudah bagus, ditingkatkan lagi agar lebih baik', 0),
(537, 39, 12, '44', 0),
(538, 39, 13, 'SLTA', 0),
(539, 39, 14, 'PNS', 0),
(540, 40, 1, 'Laki-laki', 0),
(541, 40, 2, 'Mudah', 3),
(542, 40, 3, 'Baik', 3),
(543, 40, 4, 'Cukup Cepat', 2),
(544, 40, 5, 'Tidak dipungut biaya', 4),
(545, 40, 6, 'Sangat Memuaskan', 4),
(546, 40, 7, 'Sangat Mampu', 4),
(547, 40, 8, 'Baik', 3),
(548, 40, 9, 'Sangat Memuaskan', 4),
(549, 40, 10, 'Baik', 3),
(550, 40, 11, 'Kasus desersi agar lebih cepat', 0),
(551, 40, 12, '42', 0),
(552, 40, 13, 'SLTA', 0),
(553, 40, 14, 'TNI/Polri', 0),
(554, 41, 1, 'Laki-laki', 0),
(555, 41, 2, 'Sangat Mudah', 4),
(556, 41, 3, 'Sangat Baik', 4),
(557, 41, 4, 'Cepat', 3),
(558, 41, 5, 'Tidak dipungut biaya', 4),
(559, 41, 6, 'Sangat Memuaskan', 4),
(560, 41, 7, 'Sangat Mampu', 4),
(561, 41, 8, 'Sangat baik', 4),
(562, 41, 9, 'Sangat Memuaskan', 4),
(563, 41, 10, 'Sangat Baik', 4),
(564, 41, 11, 'Terus maju', 0),
(565, 41, 12, '50', 0),
(566, 41, 13, 'Sarjana (S1)', 0),
(567, 41, 14, 'PNS', 0),
(568, 42, 1, 'Laki-laki', 0),
(569, 42, 2, 'Mudah', 3),
(570, 42, 3, 'Baik', 3),
(571, 42, 4, 'Cepat', 3),
(572, 42, 5, 'Tidak dipungut biaya', 4),
(573, 42, 6, 'Memuaskan', 3),
(574, 42, 7, 'Sangat Mampu', 4),
(575, 42, 8, 'Baik', 3),
(576, 42, 9, 'Sangat Memuaskan', 4),
(577, 42, 10, 'Baik', 3),
(578, 42, 11, '-', 0),
(579, 42, 12, '39', 0),
(580, 42, 13, 'Diploma (D1/D2/D3/D4)', 0),
(581, 42, 14, 'PNS', 0),
(582, 43, 1, 'Laki-laki', 0),
(583, 43, 2, 'Mudah', 3),
(584, 43, 3, 'Baik', 3),
(585, 43, 4, 'Cepat', 3),
(586, 43, 5, 'Tidak dipungut biaya', 4),
(587, 43, 6, 'Sangat Memuaskan', 4),
(588, 43, 7, 'Sangat Mampu', 4),
(589, 43, 8, 'Baik', 3),
(590, 43, 9, 'Memuaskan', 3),
(591, 43, 10, 'Sangat Baik', 4),
(592, 43, 11, '-', 0),
(593, 43, 12, '26', 0),
(594, 43, 13, 'SLTA', 0),
(595, 43, 14, 'TNI/Polri', 0),
(596, 44, 1, 'Laki-laki', 0),
(597, 44, 2, 'Sangat Mudah', 4),
(598, 44, 3, 'Baik', 3),
(599, 44, 4, 'Sangat Cepat', 4),
(600, 44, 5, 'Tidak dipungut biaya', 4),
(601, 44, 6, 'Sangat Memuaskan', 4),
(602, 44, 7, 'Sangat Mampu', 4),
(603, 44, 8, 'Sangat baik', 4),
(604, 44, 9, 'Sangat Memuaskan', 4),
(605, 44, 10, 'Sangat Baik', 4),
(606, 44, 11, 'Lanjutkan', 0),
(607, 44, 12, '28', 0),
(608, 44, 13, 'SLTA', 0),
(609, 44, 14, 'TNI/Polri', 0),
(610, 45, 1, 'Perempuan', 0),
(611, 45, 2, 'Mudah', 3),
(612, 45, 3, 'Baik', 3),
(613, 45, 4, 'Sangat Cepat', 4),
(614, 45, 5, 'Tidak dipungut biaya', 4),
(615, 45, 6, 'Sangat Memuaskan', 4),
(616, 45, 7, 'Sangat Mampu', 4),
(617, 45, 8, 'Sangat baik', 4),
(618, 45, 9, 'Sangat Memuaskan', 4),
(619, 45, 10, 'Sangat Baik', 4),
(620, 45, 11, '-', 0),
(621, 45, 12, '43', 0),
(622, 45, 13, 'SLTA', 0),
(623, 45, 14, 'PNS', 0),
(624, 46, 1, 'Laki-laki', 0),
(625, 46, 2, 'Sangat Mudah', 4),
(626, 46, 3, 'Sangat Baik', 4),
(627, 46, 4, 'Sangat Cepat', 4),
(628, 46, 5, 'Tidak dipungut biaya', 4),
(629, 46, 6, 'Sangat Memuaskan', 4),
(630, 46, 7, 'Sangat Mampu', 4),
(631, 46, 8, 'Sangat baik', 4),
(632, 46, 9, 'Sangat Memuaskan', 4),
(633, 46, 10, 'Sangat Baik', 4),
(634, 46, 12, '35', 0),
(635, 46, 13, 'SLTA', 0),
(636, 46, 14, 'TNI/Polri', 0),
(637, 47, 1, 'Perempuan', 0),
(638, 47, 2, 'Mudah', 3),
(639, 47, 3, 'Sangat Baik', 4),
(640, 47, 4, 'Sangat Cepat', 4),
(641, 47, 5, 'Tidak dipungut biaya', 4),
(642, 47, 6, 'Sangat Memuaskan', 4),
(643, 47, 7, 'Sangat Mampu', 4),
(644, 47, 8, 'Sangat baik', 4),
(645, 47, 9, 'Sangat Memuaskan', 4),
(646, 47, 10, 'Sangat Baik', 4),
(647, 47, 11, '-', 0),
(648, 47, 12, '47', 0),
(649, 47, 13, 'Diploma (D1/D2/D3/D4)', 0),
(650, 47, 14, 'PNS', 0),
(651, 48, 1, 'Perempuan', 0),
(652, 48, 2, 'Sangat Mudah', 4),
(653, 48, 3, 'Sangat Baik', 4),
(654, 48, 4, 'Sangat Cepat', 4),
(655, 48, 5, 'Tidak dipungut biaya', 4),
(656, 48, 6, 'Sangat Memuaskan', 4),
(657, 48, 7, 'Sangat Mampu', 4),
(658, 48, 8, 'Sangat baik', 4),
(659, 48, 9, 'Sangat Memuaskan', 4),
(660, 48, 10, 'Sangat Baik', 4),
(661, 48, 11, '-', 0),
(662, 48, 12, '25', 0),
(663, 48, 13, 'SLTA', 0),
(664, 48, 14, 'PNS', 0),
(665, 49, 1, 'Laki-laki', 0),
(666, 49, 2, 'Mudah', 3),
(667, 49, 3, 'Baik', 3),
(668, 49, 4, 'Sangat Cepat', 4),
(669, 49, 5, 'Tidak dipungut biaya', 4),
(670, 49, 6, 'Memuaskan', 3),
(671, 49, 7, 'Mampu', 3),
(672, 49, 8, 'Baik', 3),
(673, 49, 9, 'Memuaskan', 3),
(674, 49, 10, 'Sangat Baik', 4),
(675, 49, 11, '-', 0),
(676, 49, 12, '35', 0),
(677, 49, 13, 'Sarjana (S1)', 0),
(678, 49, 14, 'TNI/Polri', 0),
(679, 50, 1, 'Laki-laki', 0),
(680, 50, 2, 'Mudah', 3),
(681, 50, 3, 'Baik', 3),
(682, 50, 4, 'Cukup Cepat', 2),
(683, 50, 5, 'Tidak dipungut biaya', 4),
(684, 50, 6, 'Memuaskan', 3),
(685, 50, 7, 'Mampu', 3),
(686, 50, 8, 'Sangat baik', 4),
(687, 50, 9, 'Memuaskan', 3),
(688, 50, 10, 'Cukup Baik', 2),
(689, 50, 11, 'Petugas melayani dengan baik', 0),
(690, 50, 12, '54', 0),
(691, 50, 13, 'Sarjana (S1)', 0),
(692, 50, 14, 'PNS', 0),
(693, 51, 1, 'Perempuan', 0),
(694, 51, 2, 'Sangat Mudah', 4),
(695, 51, 3, 'Sangat Baik', 4),
(696, 51, 4, 'Sangat Cepat', 4),
(697, 51, 5, 'Tidak dipungut biaya', 4),
(698, 51, 6, 'Sangat Memuaskan', 4),
(699, 51, 7, 'Sangat Mampu', 4),
(700, 51, 8, 'Sangat baik', 4),
(701, 51, 9, 'Sangat Memuaskan', 4),
(702, 51, 10, 'Sangat Baik', 4),
(703, 51, 11, 'Data perkara dapat diakses setiap saat', 0),
(704, 51, 12, '38', 0),
(705, 51, 13, 'SLTA', 0),
(706, 51, 14, 'PNS', 0),
(707, 52, 1, 'Perempuan', 0),
(708, 52, 2, 'Mudah', 3),
(709, 52, 3, 'Baik', 3),
(710, 52, 4, 'Cukup Cepat', 2),
(711, 52, 5, 'Tidak dipungut biaya', 4),
(712, 52, 6, 'Memuaskan', 3),
(713, 52, 7, 'Mampu', 3),
(714, 52, 8, 'Baik', 3),
(715, 52, 9, 'Memuaskan', 3),
(716, 52, 10, 'Cukup Baik', 2),
(717, 52, 11, 'Sudah lebih terbuka', 0),
(718, 52, 12, '29', 0),
(719, 52, 13, 'SLTA', 0),
(720, 52, 14, 'PNS', 0),
(721, 53, 1, 'Laki-laki', 0),
(722, 53, 2, 'Mudah', 3),
(723, 53, 3, 'Sangat Baik', 4),
(724, 53, 4, 'Sangat Cepat', 4),
(725, 53, 5, 'Tidak dipungut biaya', 4),
(726, 53, 6, 'Memuaskan', 3),
(727, 53, 7, 'Sangat Mampu', 4),
(728, 53, 8, 'Sangat baik', 4),
(729, 53, 9, 'Sangat Memuaskan', 4),
(730, 53, 10, 'Sangat Baik', 4),
(731, 53, 11, '-', 0),
(732, 53, 12, '45', 0),
(733, 53, 13, 'SLTA', 0),
(734, 53, 14, 'TNI/Polri', 0),
(735, 54, 1, 'Laki-laki', 0),
(736, 54, 2, 'Sangat Mudah', 4),
(737, 54, 3, 'Sangat Baik', 4),
(738, 54, 4, 'Cepat', 3),
(739, 54, 5, 'Tidak dipungut biaya', 4),
(740, 54, 6, 'Memuaskan', 3),
(741, 54, 7, 'Sangat Mampu', 4),
(742, 54, 8, 'Baik', 3),
(743, 54, 9, 'Memuaskan', 3),
(744, 54, 10, 'Sangat Baik', 4),
(745, 54, 11, '-', 0),
(746, 54, 12, '31', 0),
(747, 54, 13, 'Sarjana (S1)', 0),
(748, 54, 14, 'TNI/Polri', 0),
(749, 55, 1, 'Laki-laki', 0),
(750, 55, 2, 'Sangat Mudah', 4),
(751, 55, 3, 'Baik', 3),
(752, 55, 4, 'Sangat Cepat', 4),
(753, 55, 5, 'Tidak dipungut biaya', 4),
(754, 55, 6, 'Memuaskan', 3),
(755, 55, 7, 'Sangat Mampu', 4),
(756, 55, 8, 'Sangat baik', 4),
(757, 55, 9, 'Sangat Memuaskan', 4),
(758, 55, 10, 'Sangat Baik', 4),
(759, 55, 11, 'Disiplin agar terus ditingkatkan', 0),
(760, 55, 12, '33', 0),
(761, 55, 13, 'SLTA', 0),
(762, 55, 14, 'TNI/Polri', 0),
(763, 56, 1, 'Laki-laki', 0),
(764, 56, 2, 'Sangat Mudah', 4),
(765, 56, 3, 'Sangat Baik', 4),
(766, 56, 4, 'Sangat Cepat', 4),
(767, 56, 5, 'Tidak dipungut biaya', 4),
(768, 56, 6, 'Sangat Memuaskan', 4),
(769, 56, 7, 'Sangat Mampu', 4),
(770, 56, 8, 'Sangat baik', 4),
(771, 56, 9, 'Memuaskan', 3),
(772, 56, 10, 'Baik', 3),
(773, 56, 11, '-', 0),
(774, 56, 12, '37', 0),
(775, 56, 13, 'SLTA', 0),
(776, 56, 14, 'PNS', 0),
(777, 57, 1, 'Perempuan', 0),
(778, 57, 2, 'Sangat Mudah', 4),
(779, 57, 3, 'Sangat Baik', 4),
(780, 57, 4, 'Sangat Cepat', 4),
(781, 57, 5, 'Tidak dipungut biaya', 4),
(782, 57, 6, 'Sangat Memuaskan', 4),
(783, 57, 7, 'Sangat Mampu', 4),
(784, 57, 8, 'Sangat baik', 4),
(785, 57, 9, 'Sangat Memuaskan', 4),
(786, 57, 10, 'Sangat Baik', 4),
(787, 57, 11, 'Tetap pertahankan', 0),
(788, 57, 12, '29', 0),
(789, 57, 13, 'SLTA', 0),
(790, 57, 14, 'PNS', 0),
(791, 58, 1, 'Laki-laki', 0),
(792, 58, 2, 'Sangat Mudah', 4),
(793, 58, 3, 'Sangat Baik', 4),
(794, 58, 4, 'Sangat Cepat', 4),
(795, 58, 5, 'Tidak dipungut biaya', 4),
(796, 58, 6, 'Sangat Memuaskan', 4),
(797, 58, 7, 'Sangat Mampu', 4),
(798, 58, 8, 'Sangat baik', 4),
(799, 58, 9, 'Sangat Memuaskan', 4),
(800, 58, 10, 'Sangat Baik', 4),
(801, 58, 11, 'Mengenai saran-saran tidak ada, untuk kualitas dan pelayanan di Pengadilan Militer III-12 Surabaya sangat memuaskan.', 0),
(802, 58, 12, '30', 0),
(803, 58, 13, 'SLTA', 0),
(804, 58, 14, 'TNI/Polri', 0),
(805, 59, 1, 'Laki-laki', 0),
(806, 59, 2, 'Sangat Mudah', 4),
(807, 59, 3, 'Sangat Baik', 4),
(808, 59, 4, 'Sangat Cepat', 4),
(809, 59, 5, 'Tidak dipungut biaya', 4),
(810, 59, 6, 'Sangat Memuaskan', 4),
(811, 59, 7, 'Sangat Mampu', 4),
(812, 59, 8, 'Sangat baik', 4),
(813, 59, 9, 'Sangat Memuaskan', 4),
(814, 59, 10, 'Sangat Baik', 4),
(815, 59, 11, 'Sangat baik sekali', 0),
(816, 59, 12, '31', 0),
(817, 59, 13, 'SLTA', 0),
(818, 59, 14, 'TNI/Polri', 0),
(819, 60, 1, 'Laki-laki', 0),
(820, 60, 2, 'Mudah', 3),
(821, 60, 3, 'Baik', 3),
(822, 60, 4, 'Cepat', 3),
(823, 60, 5, 'Tidak dipungut biaya', 4),
(824, 60, 6, 'Memuaskan', 3),
(825, 60, 7, 'Mampu', 3),
(826, 60, 8, 'Baik', 3),
(827, 60, 9, 'Memuaskan', 3),
(828, 60, 10, 'Baik', 3),
(829, 60, 11, 'Pada dasarnya cukup baik .', 0),
(830, 60, 12, '42', 0),
(831, 60, 13, 'Sarjana (S1)', 0),
(832, 60, 14, 'TNI/Polri', 0),
(833, 61, 1, 'Laki-laki', 0),
(834, 61, 2, 'Mudah', 3),
(835, 61, 3, 'Cukup Baik', 2),
(836, 61, 4, 'Cukup Cepat', 2),
(837, 61, 5, 'Tidak dipungut biaya', 4),
(838, 61, 6, 'Cukup Memuaskan', 2),
(839, 61, 7, 'Mampu', 3),
(840, 61, 8, 'Cukup Baik', 2),
(841, 61, 9, 'Cukup Memuaskan', 2),
(842, 61, 10, 'Cukup Baik', 2),
(843, 61, 11, 'Cukup baik dan perlu ditingkatkan pelayanannya\n', 0),
(844, 61, 12, '46', 0),
(845, 61, 13, 'Sarjana (S1)', 0),
(846, 61, 14, 'TNI/Polri', 0),
(847, 62, 1, 'Laki-laki', 0),
(848, 62, 2, 'Cukup Mudah', 2),
(849, 62, 3, 'Baik', 3),
(850, 62, 4, 'Cukup Cepat', 2),
(851, 62, 5, 'Tidak dipungut biaya', 4),
(852, 62, 6, 'Cukup Memuaskan', 2),
(853, 62, 7, 'Mampu', 3),
(854, 62, 8, 'Cukup Baik', 2),
(855, 62, 9, 'Cukup Memuaskan', 2),
(856, 62, 10, 'Cukup Baik', 2),
(857, 62, 11, 'Ditingkatkan lagi', 0),
(858, 62, 12, '52', 0),
(859, 62, 13, 'Sarjana (S1)', 0),
(860, 62, 14, 'TNI/Polri', 0),
(861, 63, 1, 'Perempuan', 0),
(862, 63, 2, 'Mudah', 3),
(863, 63, 3, 'Baik', 3),
(864, 63, 4, 'Cepat', 3),
(865, 63, 5, 'Tidak dipungut biaya', 4),
(866, 63, 6, 'Memuaskan', 3),
(867, 63, 7, 'Mampu', 3),
(868, 63, 8, 'Baik', 3),
(869, 63, 9, 'Memuaskan', 3),
(870, 63, 10, 'Cukup Baik', 2),
(871, 63, 11, '-', 0),
(872, 63, 12, '35', 0),
(873, 63, 13, 'Diploma (D1/D2/D3/D4)', 0),
(874, 63, 14, 'PNS', 0),
(875, 64, 1, 'Laki-laki', 0),
(876, 64, 2, 'Cukup Mudah', 2),
(877, 64, 3, 'Baik', 3),
(878, 64, 4, 'Cukup Cepat', 2),
(879, 64, 5, 'Tidak dipungut biaya', 4),
(880, 64, 6, 'Memuaskan', 3),
(881, 64, 7, 'Mampu', 3),
(882, 64, 8, 'Baik', 3),
(883, 64, 9, 'Memuaskan', 3),
(884, 64, 10, 'Baik', 3),
(885, 64, 11, 'Agar lebih terbuka dan transparan', 0),
(886, 64, 12, '49', 0),
(887, 64, 13, 'Sarjana (S1)', 0),
(888, 64, 14, 'TNI/Polri', 0),
(889, 65, 1, 'Laki-laki', 0),
(890, 65, 2, 'Mudah', 3),
(891, 65, 3, 'Baik', 3),
(892, 65, 4, 'Cepat', 3),
(893, 65, 5, 'Tidak dipungut biaya', 4),
(894, 65, 6, 'Memuaskan', 3),
(895, 65, 7, 'Mampu', 3),
(896, 65, 8, 'Baik', 3),
(897, 65, 9, 'Memuaskan', 3),
(898, 65, 10, 'Baik', 3),
(899, 65, 11, 'Kebersihan di luar kantor perlu ditingkatkan', 0),
(900, 65, 12, '43', 0),
(901, 65, 13, 'Sarjana (S1)', 0),
(902, 65, 14, 'TNI/Polri', 0),
(903, 66, 1, 'Perempuan', 0),
(904, 66, 2, 'Sangat Mudah', 4),
(905, 66, 3, 'Baik', 3),
(906, 66, 4, 'Sangat Cepat', 4),
(907, 66, 5, 'Tidak dipungut biaya', 4),
(908, 66, 6, 'Sangat Memuaskan', 4),
(909, 66, 7, 'Sangat Mampu', 4),
(910, 66, 8, 'Sangat baik', 4),
(911, 66, 9, 'Sangat Memuaskan', 4),
(912, 66, 10, 'Baik', 3),
(913, 66, 11, 'Kursi tunggu ditambah', 0),
(914, 66, 12, '24', 0),
(915, 66, 13, 'SLTA', 0),
(916, 66, 14, 'Lainnya', 0),
(917, 67, 1, 'Laki-laki', 0),
(918, 67, 2, 'Cukup Mudah', 2),
(919, 67, 3, 'Baik', 3),
(920, 67, 4, 'Cukup Cepat', 2),
(921, 67, 5, 'Tidak dipungut biaya', 4),
(922, 67, 6, 'Memuaskan', 3),
(923, 67, 7, 'Sangat Mampu', 4),
(924, 67, 8, 'Baik', 3),
(925, 67, 9, 'Memuaskan', 3),
(926, 67, 10, 'Baik', 3),
(927, 67, 11, 'Penyelesaian perkara agar dipercepat', 0),
(928, 67, 12, '32', 0),
(929, 67, 13, 'SLTA', 0),
(930, 67, 14, 'TNI/Polri', 0),
(931, 68, 1, 'Perempuan', 0),
(932, 68, 2, 'Cukup Mudah', 2),
(933, 68, 3, 'Baik', 3),
(934, 68, 4, 'Cukup Cepat', 2),
(935, 68, 5, 'Tidak dipungut biaya', 4),
(936, 68, 6, 'Memuaskan', 3),
(937, 68, 7, 'Mampu', 3),
(938, 68, 8, 'Baik', 3),
(939, 68, 9, 'Memuaskan', 3),
(940, 68, 10, 'Baik', 3),
(941, 68, 11, '-', 0),
(942, 68, 12, '32', 0),
(943, 68, 13, 'SLTA', 0),
(944, 68, 14, 'TNI/Polri', 0),
(945, 69, 1, 'Perempuan', 0),
(946, 69, 2, 'Mudah', 3),
(947, 69, 3, 'Baik', 3),
(948, 69, 4, 'Sangat Cepat', 4),
(949, 69, 5, 'Tidak dipungut biaya', 4),
(950, 69, 6, 'Memuaskan', 3),
(951, 69, 7, 'Mampu', 3),
(952, 69, 8, 'Baik', 3),
(953, 69, 9, 'Memuaskan', 3),
(954, 69, 10, 'Sangat Baik', 4),
(955, 69, 11, '-', 0),
(956, 69, 12, '35', 0),
(957, 69, 13, 'Sarjana (S1)', 0),
(958, 69, 14, 'TNI/Polri', 0),
(959, 70, 1, 'Laki-laki', 0),
(960, 70, 2, 'Sangat Mudah', 4),
(961, 70, 3, 'Baik', 3),
(962, 70, 4, 'Cepat', 3),
(963, 70, 5, 'Tidak dipungut biaya', 4),
(964, 70, 6, 'Sangat Memuaskan', 4),
(965, 70, 7, 'Mampu', 3),
(966, 70, 8, 'Sangat baik', 4),
(967, 70, 9, 'Memuaskan', 3),
(968, 70, 10, 'Sangat Baik', 4),
(969, 70, 11, '-', 0),
(970, 70, 12, '25', 0),
(971, 70, 13, 'SLTA', 0),
(972, 70, 14, 'TNI/Polri', 0),
(973, 71, 1, 'Laki-laki', 0),
(974, 71, 2, 'Cukup Mudah', 2),
(975, 71, 3, 'Baik', 3),
(976, 71, 4, 'Cepat', 3),
(977, 71, 5, 'Tidak dipungut biaya', 4),
(978, 71, 6, 'Memuaskan', 3),
(979, 71, 7, 'Mampu', 3),
(980, 71, 8, 'Baik', 3),
(981, 71, 9, 'Memuaskan', 3),
(982, 71, 10, 'Baik', 3),
(983, 71, 11, '-', 0),
(984, 71, 12, '42', 0),
(985, 71, 13, 'Sarjana (S1)', 0),
(986, 71, 14, 'PNS', 0),
(987, 72, 1, 'Laki-laki', 0),
(988, 72, 2, 'Sangat Mudah', 4),
(989, 72, 3, 'Sangat Baik', 4),
(990, 72, 4, 'Cepat', 3),
(991, 72, 5, 'Tidak dipungut biaya', 4),
(992, 72, 6, 'Sangat Memuaskan', 4),
(993, 72, 7, 'Sangat Mampu', 4),
(994, 72, 8, 'Baik', 3),
(995, 72, 9, 'Sangat Memuaskan', 4),
(996, 72, 10, 'Sangat Baik', 4),
(997, 72, 11, '-', 0),
(998, 72, 12, '29', 0),
(999, 72, 13, 'SLTA', 0),
(1000, 72, 14, 'TNI/Polri', 0),
(1001, 73, 1, 'Laki-laki', 0),
(1002, 73, 2, 'Cukup Mudah', 2),
(1003, 73, 3, 'Baik', 3),
(1004, 73, 4, 'Cukup Cepat', 2),
(1005, 73, 5, 'Tidak dipungut biaya', 4),
(1006, 73, 6, 'Sangat Memuaskan', 4),
(1007, 73, 7, 'Sangat Mampu', 4),
(1008, 73, 8, 'Cukup Baik', 2),
(1009, 73, 9, 'Cukup Memuaskan', 2),
(1010, 73, 10, 'Cukup Baik', 2),
(1011, 73, 11, 'Keputusan yang transparan', 0),
(1012, 73, 12, '38', 0),
(1013, 73, 13, 'SLTA', 0),
(1014, 73, 14, 'TNI/Polri', 0),
(1015, 74, 1, 'Laki-laki', 0),
(1016, 74, 2, 'Cukup Mudah', 2),
(1017, 74, 3, 'Baik', 3),
(1018, 74, 4, 'Cepat', 3),
(1019, 74, 5, 'Tidak dipungut biaya', 4),
(1020, 74, 6, 'Memuaskan', 3),
(1021, 74, 7, 'Mampu', 3),
(1022, 74, 8, 'Baik', 3),
(1023, 74, 9, 'Memuaskan', 3),
(1024, 74, 10, 'Baik', 3),
(1025, 74, 11, '-', 0),
(1026, 74, 12, '42', 0),
(1027, 74, 13, 'Sarjana (S1)', 0),
(1028, 74, 14, 'TNI/Polri', 0),
(1029, 75, 1, 'Laki-laki', 0),
(1030, 75, 2, 'Mudah', 3),
(1031, 75, 3, 'Baik', 3),
(1032, 75, 4, 'Cukup Cepat', 2),
(1033, 75, 5, 'Tidak dipungut biaya', 4),
(1034, 75, 6, 'Memuaskan', 3),
(1035, 75, 7, 'Sangat Mampu', 4),
(1036, 75, 8, 'Sangat baik', 4),
(1037, 75, 9, 'Sangat Memuaskan', 4),
(1038, 75, 10, 'Sangat Baik', 4),
(1039, 75, 11, '-', 0),
(1040, 75, 12, '45', 0),
(1041, 75, 13, 'Sarjana (S1)', 0),
(1042, 75, 14, 'TNI/Polri', 0),
(1043, 76, 1, 'Laki-laki', 0),
(1044, 76, 2, 'Cukup Mudah', 2),
(1045, 76, 3, 'Baik', 3),
(1046, 76, 4, 'Cukup Cepat', 2),
(1047, 76, 5, 'Tidak dipungut biaya', 4),
(1048, 76, 6, 'Memuaskan', 3),
(1049, 76, 7, 'Sangat Mampu', 4),
(1050, 76, 8, 'Sangat baik', 4),
(1051, 76, 9, 'Sangat Memuaskan', 4),
(1052, 76, 10, 'Sangat Baik', 4),
(1053, 76, 11, 'Hakimnya tepat waktu', 0),
(1054, 76, 12, '50', 0),
(1055, 76, 13, 'Sarjana (S1)', 0),
(1056, 76, 14, 'TNI/Polri', 0),
(1057, 77, 1, 'Laki-laki', 0),
(1058, 77, 2, 'Sangat Mudah', 4),
(1059, 77, 3, 'Sangat Baik', 4),
(1060, 77, 4, 'Sangat Cepat', 4),
(1061, 77, 5, 'Tidak dipungut biaya', 4),
(1062, 77, 6, 'Sangat Memuaskan', 4),
(1063, 77, 7, 'Sangat Mampu', 4),
(1064, 77, 8, 'Sangat baik', 4),
(1065, 77, 9, 'Sangat Memuaskan', 4),
(1066, 77, 10, 'Sangat Baik', 4),
(1067, 77, 11, '-', 0),
(1068, 77, 12, '23', 0),
(1069, 77, 13, 'SLTA', 0),
(1070, 77, 14, 'TNI/Polri', 0),
(1071, 78, 1, 'Laki-laki', 0),
(1072, 78, 2, 'Sangat Mudah', 4),
(1073, 78, 3, 'Sangat Baik', 4),
(1074, 78, 4, 'Cepat', 3),
(1075, 78, 5, 'Tidak dipungut biaya', 4),
(1076, 78, 6, 'Sangat Memuaskan', 4),
(1077, 78, 7, 'Mampu', 3),
(1078, 78, 8, 'Sangat baik', 4),
(1079, 78, 9, 'Sangat Memuaskan', 4),
(1080, 78, 10, 'Sangat Baik', 4),
(1081, 78, 11, 'Tingkatkan pelayanan', 0),
(1082, 78, 12, '30', 0),
(1083, 78, 13, 'SLTA', 0),
(1084, 78, 14, 'TNI/Polri', 0),
(1085, 79, 1, 'Laki-laki', 0),
(1086, 79, 2, 'Sangat Mudah', 4),
(1087, 79, 3, 'Sangat Baik', 4),
(1088, 79, 4, 'Sangat Cepat', 4),
(1089, 79, 5, 'Tidak dipungut biaya', 4),
(1090, 79, 6, 'Sangat Memuaskan', 4),
(1091, 79, 7, 'Mampu', 3),
(1092, 79, 8, 'Sangat baik', 4),
(1093, 79, 9, 'Memuaskan', 3),
(1094, 79, 10, 'Sangat Baik', 4),
(1095, 79, 11, '-', 0),
(1096, 79, 12, '31', 0),
(1097, 79, 13, 'SLTA', 0),
(1098, 79, 14, 'TNI/Polri', 0),
(1099, 80, 1, 'Laki-laki', 0),
(1100, 80, 2, 'Sangat Mudah', 4),
(1101, 80, 3, 'Sangat Baik', 4),
(1102, 80, 4, 'Sangat Cepat', 4),
(1103, 80, 5, 'Tidak dipungut biaya', 4),
(1104, 80, 6, 'Memuaskan', 3),
(1105, 80, 7, 'Sangat Mampu', 4),
(1106, 80, 8, 'Sangat baik', 4),
(1107, 80, 9, 'Sangat Memuaskan', 4),
(1108, 80, 10, 'Sangat Baik', 4),
(1109, 80, 11, 'Sudah sesuai prosedur', 0),
(1110, 80, 12, '24', 0),
(1111, 80, 13, 'Sarjana (S1)', 0),
(1112, 80, 14, 'TNI/Polri', 0),
(1113, 81, 1, 'Laki-laki', 0),
(1114, 81, 2, 'Mudah', 3),
(1115, 81, 3, 'Sangat Baik', 4),
(1116, 81, 4, 'Cukup Cepat', 2),
(1117, 81, 5, 'Tidak dipungut biaya', 4),
(1118, 81, 6, 'Sangat Memuaskan', 4),
(1119, 81, 7, 'Sangat Mampu', 4),
(1120, 81, 8, 'Baik', 3),
(1121, 81, 9, 'Memuaskan', 3),
(1122, 81, 10, 'Baik', 3),
(1123, 81, 11, '-', 0),
(1124, 81, 12, '45', 0),
(1125, 81, 13, 'SLTA', 0),
(1126, 81, 14, 'TNI/Polri', 0),
(1127, 82, 1, 'Laki-laki', 0),
(1128, 82, 2, 'Mudah', 3),
(1129, 82, 3, 'Baik', 3),
(1130, 82, 4, 'Cepat', 3),
(1131, 82, 5, 'Tidak dipungut biaya', 4),
(1132, 82, 6, 'Memuaskan', 3),
(1133, 82, 7, 'Sangat Mampu', 4),
(1134, 82, 8, 'Sangat baik', 4),
(1135, 82, 9, 'Memuaskan', 3),
(1136, 82, 10, 'Sangat Baik', 4),
(1137, 82, 11, '-', 0),
(1138, 82, 12, '41', 0),
(1139, 82, 13, 'SLTA', 0),
(1140, 82, 14, 'TNI/Polri', 0),
(1141, 83, 1, 'Laki-laki', 0),
(1142, 83, 2, 'Mudah', 3),
(1143, 83, 3, 'Baik', 3),
(1144, 83, 4, 'Cepat', 3),
(1145, 83, 5, 'Tidak dipungut biaya', 4),
(1146, 83, 6, 'Memuaskan', 3),
(1147, 83, 7, 'Mampu', 3),
(1148, 83, 8, 'Baik', 3),
(1149, 83, 9, 'Memuaskan', 3),
(1150, 83, 10, 'Baik', 3),
(1151, 83, 11, '-', 0),
(1152, 83, 12, '43', 0),
(1153, 83, 13, 'SLTA', 0),
(1154, 83, 14, 'TNI/Polri', 0),
(1155, 84, 1, 'Laki-laki', 0),
(1156, 84, 2, 'Mudah', 3),
(1157, 84, 3, 'Baik', 3),
(1158, 84, 4, 'Cepat', 3),
(1159, 84, 5, 'Tidak dipungut biaya', 4),
(1160, 84, 6, 'Sangat Memuaskan', 4),
(1161, 84, 7, 'Mampu', 3),
(1162, 84, 8, 'Baik', 3),
(1163, 84, 9, 'Memuaskan', 3),
(1164, 84, 10, 'Baik', 3),
(1165, 84, 11, '-', 0),
(1166, 84, 12, '26', 0),
(1167, 84, 13, 'Sarjana (S1)', 0),
(1168, 84, 14, 'TNI/Polri', 0),
(1169, 85, 1, 'Laki-laki', 0),
(1170, 85, 2, 'Mudah', 3),
(1171, 85, 3, 'Baik', 3),
(1172, 85, 4, 'Cepat', 3),
(1173, 85, 5, 'Tidak dipungut biaya', 4),
(1174, 85, 6, 'Sangat Memuaskan', 4),
(1175, 85, 7, 'Mampu', 3),
(1176, 85, 8, 'Sangat baik', 4),
(1177, 85, 9, 'Sangat Memuaskan', 4),
(1178, 85, 10, 'Baik', 3),
(1179, 85, 11, '-', 0),
(1180, 85, 12, '31', 0),
(1181, 85, 13, 'Sarjana (S1)', 0),
(1182, 85, 14, 'TNI/Polri', 0),
(1183, 86, 1, 'Laki-laki', 0),
(1184, 86, 2, 'Mudah', 3),
(1185, 86, 3, 'Baik', 3),
(1186, 86, 4, 'Cepat', 3),
(1187, 86, 5, 'Tidak dipungut biaya', 4),
(1188, 86, 6, 'Sangat Memuaskan', 4),
(1189, 86, 7, 'Sangat Mampu', 4),
(1190, 86, 8, 'Sangat baik', 4),
(1191, 86, 9, 'Sangat Memuaskan', 4),
(1192, 86, 10, 'Sangat Baik', 4),
(1193, 86, 11, '-', 0),
(1194, 86, 12, '34', 0),
(1195, 86, 13, 'SLTA', 0),
(1196, 86, 14, 'TNI/Polri', 0),
(1197, 87, 1, 'Laki-laki', 0),
(1198, 87, 2, 'Sangat Mudah', 4),
(1199, 87, 3, 'Sangat Baik', 4),
(1200, 87, 4, 'Sangat Cepat', 4),
(1201, 87, 5, 'Tidak dipungut biaya', 4),
(1202, 87, 6, 'Sangat Memuaskan', 4),
(1203, 87, 7, 'Sangat Mampu', 4),
(1204, 87, 8, 'Sangat baik', 4),
(1205, 87, 9, 'Sangat Memuaskan', 4),
(1206, 87, 10, 'Sangat Baik', 4),
(1207, 87, 11, '-', 0),
(1208, 87, 12, '30', 0),
(1209, 87, 13, 'SLTA', 0),
(1210, 87, 14, 'TNI/Polri', 0),
(1211, 88, 1, 'Laki-laki', 0),
(1212, 88, 2, 'Mudah', 3),
(1213, 88, 3, 'Baik', 3),
(1214, 88, 4, 'Cepat', 3),
(1215, 88, 5, 'Tidak dipungut biaya', 4),
(1216, 88, 6, 'Memuaskan', 3),
(1217, 88, 7, 'Mampu', 3),
(1218, 88, 8, 'Baik', 3),
(1219, 88, 9, 'Memuaskan', 3),
(1220, 88, 10, 'Baik', 3),
(1221, 88, 11, '-', 0),
(1222, 88, 12, '33', 0),
(1223, 88, 13, 'SLTA', 0),
(1224, 88, 14, 'TNI/Polri', 0),
(1225, 89, 1, 'Laki-laki', 0),
(1226, 89, 2, 'Mudah', 3),
(1227, 89, 3, 'Baik', 3),
(1228, 89, 4, 'Cepat', 3),
(1229, 89, 5, 'Tidak dipungut biaya', 4),
(1230, 89, 6, 'Memuaskan', 3),
(1231, 89, 7, 'Mampu', 3),
(1232, 89, 8, 'Baik', 3),
(1233, 89, 9, 'Memuaskan', 3),
(1234, 89, 10, 'Baik', 3),
(1235, 89, 12, '27', 0),
(1236, 89, 13, 'SMP/SLTP', 0),
(1237, 89, 14, 'Lainnya', 0),
(1238, 90, 1, 'Laki-laki', 0),
(1239, 90, 2, 'Mudah', 3),
(1240, 90, 3, 'Baik', 3),
(1241, 90, 4, 'Cukup Cepat', 2),
(1242, 90, 5, 'Tidak dipungut biaya', 4),
(1243, 90, 6, 'Memuaskan', 3),
(1244, 90, 7, 'Sangat Mampu', 4),
(1245, 90, 8, 'Sangat baik', 4),
(1246, 90, 9, 'Sangat Memuaskan', 4),
(1247, 90, 10, 'Baik', 3),
(1248, 90, 11, 'Tidak ada\nSudah baik', 0),
(1249, 90, 12, '38', 0),
(1250, 90, 13, 'SLTA', 0),
(1251, 90, 14, 'TNI/Polri', 0),
(1252, 91, 1, 'Laki-laki', 0),
(1253, 91, 2, 'Mudah', 3),
(1254, 91, 3, 'Baik', 3),
(1255, 91, 4, 'Cepat', 3),
(1256, 91, 5, 'Tidak dipungut biaya', 4),
(1257, 91, 6, 'Memuaskan', 3),
(1258, 91, 7, 'Sangat Mampu', 4),
(1259, 91, 8, 'Sangat baik', 4),
(1260, 91, 9, 'Sangat Memuaskan', 4),
(1261, 91, 10, 'Baik', 3),
(1262, 91, 11, '-', 0),
(1263, 91, 12, '40', 0),
(1264, 91, 13, 'SLTA', 0),
(1265, 91, 14, 'TNI/Polri', 0),
(1266, 92, 1, 'Laki-laki', 0),
(1267, 92, 2, 'Mudah', 3),
(1268, 92, 3, 'Baik', 3),
(1269, 92, 4, 'Cepat', 3),
(1270, 92, 5, 'Tidak dipungut biaya', 4),
(1271, 92, 6, 'Sangat Memuaskan', 4),
(1272, 92, 7, 'Sangat Mampu', 4),
(1273, 92, 8, 'Sangat baik', 4),
(1274, 92, 9, 'Sangat Memuaskan', 4),
(1275, 92, 10, 'Baik', 3),
(1276, 92, 11, '-', 0),
(1277, 92, 12, '60', 0),
(1278, 92, 13, 'SLTA', 0),
(1279, 92, 14, 'Lainnya', 0),
(1280, 93, 1, 'Laki-laki', 0),
(1281, 93, 2, 'Cukup Mudah', 2),
(1282, 93, 3, 'Baik', 3),
(1283, 93, 4, 'Cukup Cepat', 2),
(1284, 93, 5, 'Tidak dipungut biaya', 4),
(1285, 93, 6, 'Memuaskan', 3),
(1286, 93, 7, 'Sangat Mampu', 4),
(1287, 93, 8, 'Baik', 3),
(1288, 93, 9, 'Memuaskan', 3),
(1289, 93, 10, 'Baik', 3),
(1290, 93, 11, '-', 0),
(1291, 93, 12, '31', 0),
(1292, 93, 13, 'SLTA', 0),
(1293, 93, 14, 'TNI/Polri', 0),
(1294, 94, 1, 'Perempuan', 0),
(1295, 94, 2, 'Mudah', 3),
(1296, 94, 3, 'Baik', 3),
(1297, 94, 4, 'Cukup Cepat', 2),
(1298, 94, 5, 'Tidak dipungut biaya', 4),
(1299, 94, 6, 'Memuaskan', 3),
(1300, 94, 7, 'Mampu', 3),
(1301, 94, 8, 'Baik', 3),
(1302, 94, 9, 'Memuaskan', 3),
(1303, 94, 10, 'Baik', 3),
(1304, 94, 11, '-', 0),
(1305, 94, 12, '32', 0),
(1306, 94, 13, 'SLTA', 0),
(1307, 94, 14, 'TNI/Polri', 0),
(1308, 95, 1, 'Laki-laki', 0),
(1309, 95, 2, 'Mudah', 3),
(1310, 95, 3, 'Baik', 3),
(1311, 95, 4, 'Sangat Cepat', 4),
(1312, 95, 5, 'Tidak dipungut biaya', 4),
(1313, 95, 6, 'Memuaskan', 3),
(1314, 95, 7, 'Mampu', 3),
(1315, 95, 8, 'Baik', 3),
(1316, 95, 9, 'Memuaskan', 3),
(1317, 95, 10, 'Sangat Baik', 4),
(1318, 95, 11, '-', 0),
(1319, 95, 12, '35', 0),
(1320, 95, 13, 'Sarjana (S1)', 0),
(1321, 95, 14, 'TNI/Polri', 0),
(1322, 96, 1, 'Laki-laki', 0),
(1323, 96, 2, 'Sangat Mudah', 4),
(1324, 96, 3, 'Sangat Baik', 4),
(1325, 96, 4, 'Cepat', 3),
(1326, 96, 5, 'Tidak dipungut biaya', 4),
(1327, 96, 6, 'Sangat Memuaskan', 4),
(1328, 96, 7, 'Mampu', 3),
(1329, 96, 8, 'Sangat baik', 4),
(1330, 96, 9, 'Sangat Memuaskan', 4),
(1331, 96, 10, 'Sangat Baik', 4),
(1332, 96, 11, '-', 0),
(1333, 96, 12, '52', 0),
(1334, 96, 13, 'Diploma (D1/D2/D3/D4)', 0),
(1335, 96, 14, 'PNS', 0),
(1336, 97, 1, 'Laki-laki', 0),
(1337, 97, 2, 'Sangat Mudah', 4),
(1338, 97, 3, 'Baik', 3),
(1339, 97, 4, 'Cepat', 3),
(1340, 97, 5, 'Tidak dipungut biaya', 4),
(1341, 97, 6, 'Memuaskan', 3),
(1342, 97, 7, 'Sangat Mampu', 4),
(1343, 97, 8, 'Baik', 3),
(1344, 97, 9, 'Sangat Memuaskan', 4),
(1345, 97, 10, 'Sangat Baik', 4),
(1346, 97, 11, 'Bagus dan memuaskan', 0),
(1347, 97, 12, '42', 0),
(1348, 97, 13, 'SLTA', 0),
(1349, 97, 14, 'Lainnya', 0),
(1350, 98, 1, 'Laki-laki', 0),
(1351, 98, 2, 'Mudah', 3),
(1352, 98, 3, 'Cukup Baik', 2),
(1353, 98, 4, 'Cukup Cepat', 2),
(1354, 98, 5, 'Tidak dipungut biaya', 4),
(1355, 98, 6, 'Cukup Memuaskan', 2),
(1356, 98, 7, 'Mampu', 3),
(1357, 98, 8, 'Cukup Baik', 2),
(1358, 98, 9, 'Memuaskan', 3),
(1359, 98, 10, 'Cukup Baik', 2),
(1360, 98, 11, 'Tempat parkir kurang memadai', 0),
(1361, 98, 12, '42', 0),
(1362, 98, 13, 'SLTA', 0),
(1363, 98, 14, 'TNI/Polri', 0),
(1364, 99, 1, 'Laki-laki', 0),
(1365, 99, 2, 'Mudah', 3),
(1366, 99, 3, 'Cukup Baik', 2),
(1367, 99, 4, 'Cukup Cepat', 2),
(1368, 99, 5, 'Tidak dipungut biaya', 4),
(1369, 99, 6, 'Cukup Memuaskan', 2),
(1370, 99, 7, 'Mampu', 3),
(1371, 99, 8, 'Baik', 3),
(1372, 99, 9, 'Memuaskan', 3),
(1373, 99, 10, 'Baik', 3),
(1374, 99, 11, 'Tidak ada', 0),
(1375, 99, 12, '41', 0),
(1376, 99, 13, 'Sarjana (S1)', 0),
(1377, 99, 14, 'TNI/Polri', 0),
(1378, 100, 1, 'Laki-laki', 0),
(1379, 100, 2, 'Cukup Mudah', 2),
(1380, 100, 3, 'Cukup Baik', 2),
(1381, 100, 4, 'Cukup Cepat', 2),
(1382, 100, 5, 'Tidak dipungut biaya', 4),
(1383, 100, 6, 'Cukup Memuaskan', 2),
(1384, 100, 7, 'Mampu', 3),
(1385, 100, 8, 'Cukup Baik', 2),
(1386, 100, 9, 'Cukup Memuaskan', 2),
(1387, 100, 10, 'Cukup Baik', 2),
(1388, 100, 11, 'Menu kantin kurang banyak', 0),
(1389, 100, 12, '39', 0),
(1390, 100, 13, 'Sarjana (S1)', 0),
(1391, 100, 14, 'TNI/Polri', 0),
(1392, 101, 1, 'Laki-laki', 0),
(1393, 101, 2, 'Cukup Mudah', 2),
(1394, 101, 3, 'Sangat Baik', 4),
(1395, 101, 4, 'Cukup Cepat', 2),
(1396, 101, 5, 'Tidak dipungut biaya', 4),
(1397, 101, 6, 'Cukup Memuaskan', 2),
(1398, 101, 7, 'Sangat Mampu', 4),
(1399, 101, 8, 'Sangat baik', 4),
(1400, 101, 9, 'Sangat Memuaskan', 4),
(1401, 101, 10, 'Sangat Baik', 4),
(1402, 101, 11, 'Parkir untuk kendaraan besar kurang memadai', 0),
(1403, 101, 12, '28', 0),
(1404, 101, 13, 'SLTA', 0),
(1405, 101, 14, 'TNI/Polri', 0),
(1406, 102, 1, 'Perempuan', 0),
(1407, 102, 2, 'Cukup Mudah', 2),
(1408, 102, 3, 'Baik', 3),
(1409, 102, 4, 'Cukup Cepat', 2),
(1410, 102, 5, 'Tidak dipungut biaya', 4),
(1411, 102, 6, 'Cukup Memuaskan', 2),
(1412, 102, 7, 'Mampu', 3),
(1413, 102, 8, 'Cukup Baik', 2),
(1414, 102, 9, 'Cukup Memuaskan', 2),
(1415, 102, 10, 'Cukup Baik', 2),
(1416, 102, 11, '-', 0),
(1417, 102, 12, '50', 0),
(1418, 102, 13, 'SLTA', 0),
(1419, 102, 14, 'Wiraswasta/Usahawan', 0),
(1420, 103, 1, 'Perempuan', 0),
(1421, 103, 2, 'Sangat Mudah', 4),
(1422, 103, 3, 'Sangat Baik', 4),
(1423, 103, 4, 'Sangat Cepat', 4),
(1424, 103, 5, 'Tidak dipungut biaya', 4),
(1425, 103, 6, 'Sangat Memuaskan', 4),
(1426, 103, 7, 'Sangat Mampu', 4),
(1427, 103, 8, 'Sangat baik', 4),
(1428, 103, 9, 'Sangat Memuaskan', 4),
(1429, 103, 10, 'Sangat Baik', 4),
(1430, 103, 11, '-', 0),
(1431, 103, 12, '38', 0),
(1432, 103, 13, 'Sarjana (S1)', 0),
(1433, 103, 14, 'PNS', 0),
(1434, 104, 1, 'Laki-laki', 0),
(1435, 104, 2, 'Sangat Mudah', 4),
(1436, 104, 3, 'Baik', 3),
(1437, 104, 4, 'Sangat Cepat', 4),
(1438, 104, 5, 'Murah', 3),
(1439, 104, 6, 'Sangat Memuaskan', 4),
(1440, 104, 7, 'Mampu', 3),
(1441, 104, 8, 'Sangat baik', 4),
(1442, 104, 9, 'Memuaskan', 3),
(1443, 104, 10, 'Sangat Baik', 4),
(1444, 104, 11, 'uji coba (31 3 2018) -yosi', 0),
(1445, 104, 12, '32', 0),
(1446, 104, 13, 'Sarjana (S1)', 0),
(1447, 104, 14, 'Wiraswasta/Usahawan', 0),
(1448, 105, 1, 'Laki-laki', 0),
(1449, 105, 2, 'Sangat Mudah', 4),
(1450, 105, 3, 'Sangat Baik', 4),
(1451, 105, 4, 'Sangat Cepat', 4),
(1452, 105, 5, 'Tidak dipungut biaya', 4),
(1453, 105, 6, 'Sangat Memuaskan', 4),
(1454, 105, 7, 'Sangat Mampu', 4),
(1455, 105, 8, 'Sangat baik', 4),
(1456, 105, 9, 'Sangat Memuaskan', 4),
(1457, 105, 10, 'Sangat Baik', 4),
(1458, 105, 11, 'PELAYANAN MEMUASKAN', 0),
(1459, 105, 12, '30', 0),
(1460, 105, 13, 'Sarjana (S1)', 0),
(1461, 105, 14, 'TNI/Polri', 0),
(1462, 106, 1, 'Laki-laki', 0),
(1463, 106, 2, 'Sangat Mudah', 4),
(1464, 106, 3, 'Sangat Baik', 4),
(1465, 106, 4, 'Cepat', 3),
(1466, 106, 5, 'Tidak dipungut biaya', 4),
(1467, 106, 6, 'Memuaskan', 3),
(1468, 106, 7, 'Mampu', 3),
(1469, 106, 8, 'Baik', 3),
(1470, 106, 9, 'Memuaskan', 3),
(1471, 106, 10, 'Baik', 3),
(1472, 106, 12, '35', 0),
(1473, 106, 13, 'Pasca Sarjana (S2/S3)', 0),
(1474, 106, 14, 'TNI/Polri', 0),
(1475, 107, 1, 'Laki-laki', 0),
(1476, 107, 2, 'Sangat Mudah', 4),
(1477, 107, 3, 'Sangat Baik', 4),
(1478, 107, 4, 'Sangat Cepat', 4),
(1479, 107, 5, 'Tidak dipungut biaya', 4),
(1480, 107, 6, 'Sangat Memuaskan', 4),
(1481, 107, 7, 'Sangat Mampu', 4),
(1482, 107, 8, 'Sangat baik', 4),
(1483, 107, 9, 'Sangat Memuaskan', 4),
(1484, 107, 10, 'Sangat Baik', 4),
(1485, 107, 11, 'Pelayanan di Dilmil III-12 Sudah sangat baik dan dapat lebih ditingkatkan lagi', 0),
(1486, 107, 12, '17,5', 0),
(1487, 107, 13, 'SLTA', 0),
(1488, 107, 14, 'Pelajar/Mahasiswa', 0),
(1489, 108, 1, 'Laki-laki', 0),
(1490, 108, 2, 'Mudah', 3),
(1491, 108, 3, 'Baik', 3),
(1492, 108, 4, 'Cepat', 3),
(1493, 108, 5, 'Murah', 3),
(1494, 108, 6, 'Memuaskan', 3),
(1495, 108, 7, 'Mampu', 3),
(1496, 108, 8, 'Baik', 3),
(1497, 108, 9, 'Memuaskan', 3),
(1498, 108, 10, 'Baik', 3),
(1499, 108, 11, 'Cukup baik', 0),
(1500, 108, 12, '31', 0),
(1501, 108, 13, 'SLTA', 0),
(1502, 108, 14, 'TNI/Polri', 0),
(1503, 109, 1, 'Laki-laki', 0),
(1504, 109, 2, 'Sangat Mudah', 4),
(1505, 109, 3, 'Sangat Baik', 4),
(1506, 109, 4, 'Sangat Cepat', 4),
(1507, 109, 5, 'Tidak dipungut biaya', 4),
(1508, 109, 6, 'Sangat Memuaskan', 4),
(1509, 109, 7, 'Sangat Mampu', 4),
(1510, 109, 8, 'Sangat baik', 4),
(1511, 109, 9, 'Sangat Memuaskan', 4),
(1512, 109, 10, 'Sangat Baik', 4),
(1513, 109, 11, 'Pelayanan memuaskan', 0),
(1514, 109, 12, '30', 0),
(1515, 109, 13, 'Sarjana (S1)', 0),
(1516, 109, 14, 'TNI/Polri', 0),
(1517, 110, 1, 'Laki-laki', 0),
(1518, 110, 2, 'Mudah', 3),
(1519, 110, 3, 'Baik', 3),
(1520, 110, 4, 'Cukup Cepat', 2),
(1521, 110, 5, 'Tidak dipungut biaya', 4),
(1522, 110, 6, 'Memuaskan', 3),
(1523, 110, 7, 'Mampu', 3),
(1524, 110, 8, 'Baik', 3),
(1525, 110, 9, 'Memuaskan', 3),
(1526, 110, 10, 'Baik', 3),
(1527, 110, 11, 'ditingkatkan lagi pelayan publiknya', 0),
(1528, 110, 12, '39', 0),
(1529, 110, 13, 'SLTA', 0),
(1530, 110, 14, 'TNI/Polri', 0),
(1531, 111, 1, 'Laki-laki', 0),
(1532, 111, 2, 'Mudah', 3),
(1533, 111, 3, 'Baik', 3),
(1534, 111, 4, 'Cepat', 3),
(1535, 111, 5, 'Tidak dipungut biaya', 4),
(1536, 111, 6, 'Memuaskan', 3),
(1537, 111, 7, 'Mampu', 3),
(1538, 111, 8, 'Baik', 3),
(1539, 111, 9, 'Memuaskan', 3),
(1540, 111, 10, 'Baik', 3),
(1541, 111, 11, 'Pelayanan Perlu di pertahankan', 0),
(1542, 111, 12, '41', 0),
(1543, 111, 13, 'SLTA', 0),
(1544, 111, 14, 'TNI/Polri', 0),
(1545, 112, 1, 'Laki-laki', 0),
(1546, 112, 2, 'Sangat Mudah', 4),
(1547, 112, 3, 'Sangat Baik', 4),
(1548, 112, 4, 'Sangat Cepat', 4),
(1549, 112, 5, 'Tidak dipungut biaya', 4),
(1550, 112, 6, 'Sangat Memuaskan', 4),
(1551, 112, 7, 'Sangat Mampu', 4),
(1552, 112, 8, 'Sangat baik', 4),
(1553, 112, 9, 'Sangat Memuaskan', 4),
(1554, 112, 10, 'Sangat Baik', 4),
(1555, 112, 11, 'M. Rif''an Al K', 0),
(1556, 112, 12, '30', 0),
(1557, 112, 13, 'SLTA', 0),
(1558, 112, 14, 'TNI/Polri', 0),
(1559, 113, 1, 'Laki-laki', 0),
(1560, 113, 2, 'Mudah', 3),
(1561, 113, 3, 'Baik', 3),
(1562, 113, 4, 'Cukup Cepat', 2),
(1563, 113, 5, 'Tidak dipungut biaya', 4),
(1564, 113, 6, 'Memuaskan', 3),
(1565, 113, 7, 'Mampu', 3),
(1566, 113, 8, 'Baik', 3),
(1567, 113, 9, 'Memuaskan', 3),
(1568, 113, 10, 'Baik', 3),
(1569, 113, 12, '31', 0),
(1570, 113, 13, 'Diploma (D1/D2/D3/D4)', 0),
(1571, 113, 14, 'TNI/Polri', 0),
(1572, 114, 1, 'Laki-laki', 0),
(1573, 114, 2, 'Mudah', 3),
(1574, 114, 3, 'Baik', 3),
(1575, 114, 4, 'Cepat', 3),
(1576, 114, 5, 'Tidak dipungut biaya', 4),
(1577, 114, 6, 'Memuaskan', 3),
(1578, 114, 7, 'Mampu', 3),
(1579, 114, 8, 'Baik', 3),
(1580, 114, 9, 'Memuaskan', 3),
(1581, 114, 10, 'Baik', 3),
(1582, 114, 11, 'Surat panggilan dari Oditur kepada Saksi terlalu mendadak, mestinya ada jangka waktu minimal dua hari.\n', 0),
(1583, 114, 12, '50', 0),
(1584, 114, 13, 'SLTA', 0),
(1585, 114, 14, 'Wiraswasta/Usahawan', 0),
(1586, 115, 1, 'Laki-laki', 0),
(1587, 115, 2, 'Cukup Mudah', 2),
(1588, 115, 3, 'Baik', 3),
(1589, 115, 4, 'Cukup Cepat', 2),
(1590, 115, 5, 'Tidak dipungut biaya', 4),
(1591, 115, 6, 'Cukup Memuaskan', 2),
(1592, 115, 7, 'Mampu', 3),
(1593, 115, 8, 'Cukup Baik', 2),
(1594, 115, 9, 'Cukup Memuaskan', 2),
(1595, 115, 10, 'Cukup Baik', 2),
(1596, 115, 11, 'Sekian terima kasih', 0),
(1597, 115, 12, '28', 0),
(1598, 115, 13, 'SLTA', 0),
(1599, 115, 14, 'Pelajar/Mahasiswa', 0),
(1600, 116, 1, 'Laki-laki', 0),
(1601, 116, 2, 'Sangat Mudah', 4),
(1602, 116, 3, 'Sangat Baik', 4),
(1603, 116, 4, 'Sangat Cepat', 4),
(1604, 116, 5, 'Tidak dipungut biaya', 4),
(1605, 116, 6, 'Sangat Memuaskan', 4),
(1606, 116, 7, 'Sangat Mampu', 4),
(1607, 116, 8, 'Sangat baik', 4),
(1608, 116, 9, 'Memuaskan', 3),
(1609, 116, 10, 'Baik', 3),
(1610, 116, 11, ',', 0),
(1611, 116, 12, '42', 0),
(1612, 116, 13, 'SLTA', 0),
(1613, 116, 14, 'TNI/Polri', 0),
(1614, 117, 1, 'Laki-laki', 0),
(1615, 117, 2, 'Sangat Mudah', 4),
(1616, 117, 3, 'Sangat Baik', 4),
(1617, 117, 4, 'Sangat Cepat', 4),
(1618, 117, 5, 'Tidak dipungut biaya', 4),
(1619, 117, 6, 'Sangat Memuaskan', 4),
(1620, 117, 7, 'Sangat Mampu', 4),
(1621, 117, 8, 'Sangat baik', 4),
(1622, 117, 9, 'Sangat Memuaskan', 4),
(1623, 117, 10, 'Sangat Baik', 4),
(1624, 117, 11, 'Pertahankan dan tingkatkan mutu dan pelayanan demi terwujudnya peradilan yang baik bagi kita semua terutama bagi Pencari Keadilan...', 0),
(1625, 117, 12, '43', 0),
(1626, 117, 13, 'SLTA', 0),
(1627, 117, 14, 'TNI/Polri', 0),
(1628, 118, 1, 'Laki-laki', 0),
(1629, 118, 2, 'Sangat Mudah', 4),
(1630, 118, 3, 'Sangat Baik', 4),
(1631, 118, 4, 'Sangat Cepat', 4),
(1632, 118, 5, 'Tidak dipungut biaya', 4),
(1633, 118, 6, 'Sangat Memuaskan', 4),
(1634, 118, 7, 'Sangat Mampu', 4),
(1635, 118, 8, 'Sangat baik', 4),
(1636, 118, 9, 'Memuaskan', 3),
(1637, 118, 10, 'Sangat Baik', 4),
(1638, 118, 11, 'agar yang sudah ada dan terlaksana dipertahankan serta ditingkatkan sesuar porsinya', 0),
(1639, 118, 12, '46', 0),
(1640, 118, 13, 'SLTA', 0),
(1641, 118, 14, 'TNI/Polri', 0),
(1642, 119, 1, 'Laki-laki', 0),
(1643, 119, 2, 'Sangat Mudah', 4),
(1644, 119, 3, 'Sangat Baik', 4),
(1645, 119, 4, 'Sangat Cepat', 4);
INSERT INTO `data_jawaban` (`id`, `id_data`, `id_pertanyaan`, `jawaban`, `bobot`) VALUES
(1646, 119, 5, 'Tidak dipungut biaya', 4),
(1647, 119, 6, 'Sangat Memuaskan', 4),
(1648, 119, 7, 'Sangat Mampu', 4),
(1649, 119, 8, 'Sangat baik', 4),
(1650, 119, 9, 'Sangat Memuaskan', 4),
(1651, 119, 10, 'Sangat Baik', 4),
(1652, 119, 11, 'kami menyarankan agar program/pelayanan yg sudah baik ini dipertahankan dan kedepan lebih baik lagi', 0),
(1653, 119, 12, '41', 0),
(1654, 119, 13, 'SLTA', 0),
(1655, 119, 14, 'TNI/Polri', 0),
(1656, 120, 1, 'Laki-laki', 0),
(1657, 120, 2, 'Sangat Mudah', 4),
(1658, 120, 3, 'Baik', 3),
(1659, 120, 4, 'Cepat', 3),
(1660, 120, 5, 'Tidak dipungut biaya', 4),
(1661, 120, 6, 'Memuaskan', 3),
(1662, 120, 7, 'Mampu', 3),
(1663, 120, 8, 'Baik', 3),
(1664, 120, 9, 'Memuaskan', 3),
(1665, 120, 10, 'Sangat Baik', 4),
(1666, 120, 11, 'mohon agar dalam pelaksanana sidang lebih tepat waktu sesuai jadwal rencana sidang', 0),
(1667, 120, 12, '42', 0),
(1668, 120, 13, 'SLTA', 0),
(1669, 120, 14, 'TNI/Polri', 0),
(1670, 121, 1, 'Laki-laki', 0),
(1671, 121, 2, 'Mudah', 3),
(1672, 121, 3, 'Baik', 3),
(1673, 121, 4, 'Cepat', 3),
(1674, 121, 5, 'Tidak dipungut biaya', 4),
(1675, 121, 6, 'Memuaskan', 3),
(1676, 121, 7, 'Mampu', 3),
(1677, 121, 8, 'Baik', 3),
(1678, 121, 9, 'Memuaskan', 3),
(1679, 121, 10, 'Baik', 3),
(1680, 121, 11, 'agar pelayanan yang sudah bagus tetap dipertahankan \n', 0),
(1681, 121, 12, '41', 0),
(1682, 121, 13, 'SLTA', 0),
(1683, 121, 14, 'TNI/Polri', 0),
(1684, 122, 1, 'Laki-laki', 0),
(1685, 122, 2, 'Mudah', 3),
(1686, 122, 3, 'Baik', 3),
(1687, 122, 4, 'Cepat', 3),
(1688, 122, 5, 'Murah', 3),
(1689, 122, 6, 'Memuaskan', 3),
(1690, 122, 7, 'Mampu', 3),
(1691, 122, 8, 'Baik', 3),
(1692, 122, 9, 'Memuaskan', 3),
(1693, 122, 10, 'Baik', 3),
(1694, 122, 11, 'Agar persidangan dimulai tepat waktu', 0),
(1695, 122, 12, '30', 0),
(1696, 122, 13, 'Sarjana (S1)', 0),
(1697, 122, 14, 'TNI/Polri', 0),
(1698, 123, 1, 'Laki-laki', 0),
(1699, 123, 2, 'Mudah', 3),
(1700, 123, 3, 'Baik', 3),
(1701, 123, 4, 'Cepat', 3),
(1702, 123, 5, 'Tidak dipungut biaya', 4),
(1703, 123, 6, 'Memuaskan', 3),
(1704, 123, 7, 'Mampu', 3),
(1705, 123, 8, 'Sangat baik', 4),
(1706, 123, 9, 'Sangat Memuaskan', 4),
(1707, 123, 10, 'Sangat Baik', 4),
(1708, 123, 11, 'tidak ada', 0),
(1709, 123, 12, '29', 0),
(1710, 123, 13, 'Sarjana (S1)', 0),
(1711, 123, 14, 'TNI/Polri', 0),
(1712, 124, 1, 'Laki-laki', 0),
(1713, 124, 2, 'Mudah', 3),
(1714, 124, 3, 'Baik', 3),
(1715, 124, 4, 'Cepat', 3),
(1716, 124, 5, 'Tidak dipungut biaya', 4),
(1717, 124, 6, 'Memuaskan', 3),
(1718, 124, 7, 'Mampu', 3),
(1719, 124, 8, 'Baik', 3),
(1720, 124, 9, 'Memuaskan', 3),
(1721, 124, 10, 'Baik', 3),
(1722, 124, 11, 'semoga dalam melaksanakan pelayanan semakin baik dan ramah\nterimakasih', 0),
(1723, 124, 12, '44', 0),
(1724, 124, 13, 'SLTA', 0),
(1725, 124, 14, 'TNI/Polri', 0),
(1726, 125, 1, 'Laki-laki', 0),
(1727, 125, 2, 'Mudah', 3),
(1728, 125, 3, 'Baik', 3),
(1729, 125, 4, 'Cepat', 3),
(1730, 125, 5, 'Tidak dipungut biaya', 4),
(1731, 125, 6, 'Memuaskan', 3),
(1732, 125, 7, 'Mampu', 3),
(1733, 125, 8, 'Baik', 3),
(1734, 125, 9, 'Memuaskan', 3),
(1735, 125, 10, 'Baik', 3),
(1736, 125, 11, 'lebih ditingkatkan lagi pelayanannya', 0),
(1737, 125, 12, '38', 0),
(1738, 125, 13, 'SLTA', 0),
(1739, 125, 14, 'Pegawai Swasta', 0),
(1740, 126, 1, 'Laki-laki', 0),
(1741, 126, 2, 'Cukup Mudah', 2),
(1742, 126, 3, 'Cukup Baik', 2),
(1743, 126, 4, 'Cukup Cepat', 2),
(1744, 126, 5, 'Tidak dipungut biaya', 4),
(1745, 126, 6, 'Cukup Memuaskan', 2),
(1746, 126, 7, 'Mampu', 3),
(1747, 126, 8, 'Baik', 3),
(1748, 126, 9, 'Memuaskan', 3),
(1749, 126, 10, 'Cukup Baik', 2),
(1750, 126, 11, 'mohon dipertahankan', 0),
(1751, 126, 12, '40', 0),
(1752, 126, 13, 'SLTA', 0),
(1753, 126, 14, 'TNI/Polri', 0),
(1754, 127, 1, 'Laki-laki', 0),
(1755, 127, 2, 'Sangat Mudah', 4),
(1756, 127, 3, 'Sangat Baik', 4),
(1757, 127, 4, 'Sangat Cepat', 4),
(1758, 127, 5, 'Tidak dipungut biaya', 4),
(1759, 127, 6, 'Sangat Memuaskan', 4),
(1760, 127, 7, 'Sangat Mampu', 4),
(1761, 127, 8, 'Sangat baik', 4),
(1762, 127, 9, 'Sangat Memuaskan', 4),
(1763, 127, 10, 'Sangat Baik', 4),
(1764, 127, 11, 'Pertahankan semoga diberikan kekuatan dan kemampuan', 0),
(1765, 127, 12, '51', 0),
(1766, 127, 13, 'Diploma (D1/D2/D3/D4)', 0),
(1767, 127, 14, 'TNI/Polri', 0),
(1768, 128, 1, 'Laki-laki', 0),
(1769, 128, 2, 'Mudah', 3),
(1770, 128, 3, 'Baik', 3),
(1771, 128, 4, 'Cepat', 3),
(1772, 128, 5, 'Murah', 3),
(1773, 128, 6, 'Memuaskan', 3),
(1774, 128, 7, 'Mampu', 3),
(1775, 128, 8, 'Baik', 3),
(1776, 128, 9, 'Memuaskan', 3),
(1777, 128, 10, 'Baik', 3),
(1778, 128, 12, '31', 0),
(1779, 128, 13, 'Diploma (D1/D2/D3/D4)', 0),
(1780, 128, 14, 'TNI/Polri', 0),
(1781, 129, 1, 'Laki-laki', 0),
(1782, 129, 2, 'Sangat Mudah', 4),
(1783, 129, 3, 'Sangat Baik', 4),
(1784, 129, 4, 'Sangat Cepat', 4),
(1785, 129, 5, 'Tidak dipungut biaya', 4),
(1786, 129, 6, 'Sangat Memuaskan', 4),
(1787, 129, 7, 'Sangat Mampu', 4),
(1788, 129, 8, 'Sangat baik', 4),
(1789, 129, 9, 'Sangat Memuaskan', 4),
(1790, 129, 10, 'Sangat Baik', 4),
(1791, 129, 11, 'Sudah bagus', 0),
(1792, 129, 12, '40', 0),
(1793, 129, 13, 'SLTA', 0),
(1794, 129, 14, 'TNI/Polri', 0),
(1795, 130, 1, 'Laki-laki', 0),
(1796, 130, 2, 'Mudah', 3),
(1797, 130, 3, 'Tidak Baik', 1),
(1798, 130, 4, 'Lambat/lama', 1),
(1799, 130, 5, 'Tidak dipungut biaya', 4),
(1800, 130, 6, 'Cukup Memuaskan', 2),
(1801, 130, 7, 'Mampu', 3),
(1802, 130, 8, 'Cukup Baik', 2),
(1803, 130, 9, 'Tidak Memuaskan', 1),
(1804, 130, 10, 'Baik', 3),
(1805, 130, 11, 'jadwal sidang tdk tepat waktu dan mlor,tolong segera dibenahi ', 0),
(1806, 130, 12, '33', 0),
(1807, 130, 13, 'Sarjana (S1)', 0),
(1808, 130, 14, 'Wiraswasta/Usahawan', 0),
(1809, 131, 1, 'Laki-laki', 0),
(1810, 131, 2, 'Mudah', 3),
(1811, 131, 3, 'Baik', 3),
(1812, 131, 4, 'Lambat/lama', 1),
(1813, 131, 5, 'Tidak dipungut biaya', 4),
(1814, 131, 6, 'Memuaskan', 3),
(1815, 131, 7, 'Mampu', 3),
(1816, 131, 8, 'Baik', 3),
(1817, 131, 9, 'Memuaskan', 3),
(1818, 131, 10, 'Baik', 3),
(1819, 131, 12, '28', 0),
(1820, 131, 13, 'SLTA', 0),
(1821, 131, 14, 'Petani/Nelayan', 0),
(1822, 132, 1, 'Laki-laki', 0),
(1823, 132, 2, 'Mudah', 3),
(1824, 132, 3, 'Sangat Baik', 4),
(1825, 132, 4, 'Cepat', 3),
(1826, 132, 5, 'Tidak dipungut biaya', 4),
(1827, 132, 6, 'Sangat Memuaskan', 4),
(1828, 132, 7, 'Sangat Mampu', 4),
(1829, 132, 8, 'Sangat baik', 4),
(1830, 132, 9, 'Sangat Memuaskan', 4),
(1831, 132, 10, 'Sangat Baik', 4),
(1832, 132, 12, '20', 0),
(1833, 132, 13, 'SLTA', 0),
(1834, 132, 14, 'Pelajar/Mahasiswa', 0),
(1835, 133, 1, 'Laki-laki', 0),
(1836, 133, 2, 'Mudah', 3),
(1837, 133, 3, 'Baik', 3),
(1838, 133, 4, 'Cepat', 3),
(1839, 133, 5, 'Tidak dipungut biaya', 4),
(1840, 133, 6, 'Memuaskan', 3),
(1841, 133, 7, 'Sangat Mampu', 4),
(1842, 133, 8, 'Baik', 3),
(1843, 133, 9, 'Memuaskan', 3),
(1844, 133, 10, 'Baik', 3),
(1845, 133, 11, 'apabila ada surat permohonan untuk melihat persidangan dari universitas harap cepat diberi tanggapan\n', 0),
(1846, 133, 12, '21', 0),
(1847, 133, 13, 'SLTA', 0),
(1848, 133, 14, 'Pelajar/Mahasiswa', 0),
(1849, 134, 1, 'Laki-laki', 0),
(1850, 134, 2, 'Sangat Mudah', 4),
(1851, 134, 3, 'Sangat Baik', 4),
(1852, 134, 4, 'Cukup Cepat', 2),
(1853, 134, 5, 'Tidak dipungut biaya', 4),
(1854, 134, 6, 'Memuaskan', 3),
(1855, 134, 7, 'Sangat Mampu', 4),
(1856, 134, 8, 'Sangat baik', 4),
(1857, 134, 9, 'Memuaskan', 3),
(1858, 134, 10, 'Sangat Baik', 4),
(1859, 134, 11, 'mungkin bisa ditingkatkan lagi dari segi pelayanannya, dan kami mengucapkan terimakasih banyak atas kerja samanya.', 0),
(1860, 134, 12, '21', 0),
(1861, 134, 13, 'SLTA', 0),
(1862, 134, 14, 'Pelajar/Mahasiswa', 0),
(1863, 135, 1, 'Laki-laki', 0),
(1864, 135, 2, 'Mudah', 3),
(1865, 135, 3, 'Baik', 3),
(1866, 135, 4, 'Cepat', 3),
(1867, 135, 5, 'Tidak dipungut biaya', 4),
(1868, 135, 6, 'Memuaskan', 3),
(1869, 135, 7, 'Mampu', 3),
(1870, 135, 8, 'Baik', 3),
(1871, 135, 9, 'Memuaskan', 3),
(1872, 135, 10, 'Baik', 3),
(1873, 135, 11, 'sangat baik', 0),
(1874, 135, 12, '34', 0),
(1875, 135, 13, 'SLTA', 0),
(1876, 135, 14, 'TNI/Polri', 0),
(1877, 136, 1, 'Laki-laki', 0),
(1878, 136, 2, 'Sangat Mudah', 4),
(1879, 136, 3, 'Baik', 3),
(1880, 136, 4, 'Cukup Cepat', 2),
(1881, 136, 5, 'Tidak dipungut biaya', 4),
(1882, 136, 6, 'Memuaskan', 3),
(1883, 136, 7, 'Mampu', 3),
(1884, 136, 8, 'Sangat baik', 4),
(1885, 136, 9, 'Memuaskan', 3),
(1886, 136, 10, 'Baik', 3),
(1887, 136, 12, '37', 0),
(1888, 136, 13, 'SLTA', 0),
(1889, 136, 14, 'TNI/Polri', 0),
(1890, 137, 1, 'Laki-laki', 0),
(1891, 137, 2, 'Mudah', 3),
(1892, 137, 3, 'Baik', 3),
(1893, 137, 4, 'Cepat', 3),
(1894, 137, 5, 'Tidak dipungut biaya', 4),
(1895, 137, 6, 'Memuaskan', 3),
(1896, 137, 7, 'Mampu', 3),
(1897, 137, 8, 'Baik', 3),
(1898, 137, 9, 'Memuaskan', 3),
(1899, 137, 10, 'Baik', 3),
(1900, 137, 11, 'sangat baik', 0),
(1901, 137, 12, '33 th', 0),
(1902, 137, 13, 'SLTA', 0),
(1903, 137, 14, 'TNI/Polri', 0),
(1904, 138, 1, 'Laki-laki', 0),
(1905, 138, 2, 'Sangat Mudah', 4),
(1906, 138, 3, 'Sangat Baik', 4),
(1907, 138, 4, 'Cepat', 3),
(1908, 138, 5, 'Tidak dipungut biaya', 4),
(1909, 138, 6, 'Sangat Memuaskan', 4),
(1910, 138, 7, 'Sangat Mampu', 4),
(1911, 138, 8, 'Sangat baik', 4),
(1912, 138, 9, 'Sangat Memuaskan', 4),
(1913, 138, 10, 'Sangat Baik', 4),
(1914, 138, 12, '34', 0),
(1915, 138, 13, 'SLTA', 0),
(1916, 138, 14, 'TNI/Polri', 0),
(1917, 139, 1, 'Laki-laki', 0),
(1918, 139, 2, 'Mudah', 3),
(1919, 139, 3, 'Sangat Baik', 4),
(1920, 139, 4, 'Cukup Cepat', 2),
(1921, 139, 5, 'Tidak dipungut biaya', 4),
(1922, 139, 6, 'Memuaskan', 3),
(1923, 139, 7, 'Mampu', 3),
(1924, 139, 8, 'Sangat baik', 4),
(1925, 139, 9, 'Memuaskan', 3),
(1926, 139, 10, 'Baik', 3),
(1927, 139, 11, 'sangat baik dan cukup memuaskan', 0),
(1928, 139, 12, '27', 0),
(1929, 139, 13, 'SMP/SLTP', 0),
(1930, 139, 14, 'Pegawai Swasta', 0),
(1931, 140, 1, 'Laki-laki', 0),
(1932, 140, 2, 'Sangat Mudah', 4),
(1933, 140, 3, 'Sangat Baik', 4),
(1934, 140, 4, 'Sangat Cepat', 4),
(1935, 140, 5, 'Tidak dipungut biaya', 4),
(1936, 140, 6, 'Sangat Memuaskan', 4),
(1937, 140, 7, 'Sangat Mampu', 4),
(1938, 140, 8, 'Sangat baik', 4),
(1939, 140, 9, 'Sangat Memuaskan', 4),
(1940, 140, 10, 'Sangat Baik', 4),
(1941, 140, 11, 'Kantor bersih', 0),
(1942, 140, 12, '36', 0),
(1943, 140, 13, 'SLTA', 0),
(1944, 140, 14, 'TNI/Polri', 0),
(1945, 141, 1, 'Laki-laki', 0),
(1946, 141, 2, 'Mudah', 3),
(1947, 141, 3, 'Sangat Baik', 4),
(1948, 141, 4, 'Sangat Cepat', 4),
(1949, 141, 5, 'Tidak dipungut biaya', 4),
(1950, 141, 6, 'Sangat Memuaskan', 4),
(1951, 141, 7, 'Sangat Mampu', 4),
(1952, 141, 8, 'Sangat baik', 4),
(1953, 141, 9, 'Sangat Memuaskan', 4),
(1954, 141, 10, 'Sangat Baik', 4),
(1955, 141, 11, 'Pelayanan memuaskan', 0),
(1956, 141, 12, '42', 0),
(1957, 141, 13, 'SLTA', 0),
(1958, 141, 14, 'TNI/Polri', 0),
(1959, 142, 1, 'Perempuan', 0),
(1960, 142, 2, 'Sangat Mudah', 4),
(1961, 142, 3, 'Sangat Baik', 4),
(1962, 142, 4, 'Sangat Cepat', 4),
(1963, 142, 5, 'Tidak dipungut biaya', 4),
(1964, 142, 6, 'Sangat Memuaskan', 4),
(1965, 142, 7, 'Sangat Mampu', 4),
(1966, 142, 8, 'Sangat baik', 4),
(1967, 142, 9, 'Sangat Memuaskan', 4),
(1968, 142, 10, 'Sangat Baik', 4),
(1969, 142, 11, 'Ruang tunggu bersih', 0),
(1970, 142, 12, '35', 0),
(1971, 142, 13, 'SLTA', 0),
(1972, 142, 14, 'Lainnya', 0),
(1973, 143, 1, 'Laki-laki', 0),
(1974, 143, 2, 'Sangat Mudah', 4),
(1975, 143, 3, 'Sangat Baik', 4),
(1976, 143, 4, 'Sangat Cepat', 4),
(1977, 143, 5, 'Tidak dipungut biaya', 4),
(1978, 143, 6, 'Sangat Memuaskan', 4),
(1979, 143, 7, 'Sangat Mampu', 4),
(1980, 143, 8, 'Sangat baik', 4),
(1981, 143, 9, 'Sangat Memuaskan', 4),
(1982, 143, 10, 'Sangat Baik', 4),
(1983, 143, 11, 'Pertahankan kinerja pelayanan yang sudah sangat baik', 0),
(1984, 143, 12, '35', 0),
(1985, 143, 13, 'SLTA', 0),
(1986, 143, 14, 'TNI/Polri', 0),
(1987, 144, 1, 'Laki-laki', 0),
(1988, 144, 2, 'Sangat Mudah', 4),
(1989, 144, 3, 'Sangat Baik', 4),
(1990, 144, 4, 'Sangat Cepat', 4),
(1991, 144, 5, 'Tidak dipungut biaya', 4),
(1992, 144, 6, 'Sangat Memuaskan', 4),
(1993, 144, 7, 'Sangat Mampu', 4),
(1994, 144, 8, 'Sangat baik', 4),
(1995, 144, 9, 'Memuaskan', 3),
(1996, 144, 10, 'Sangat Baik', 4),
(1997, 144, 11, '-', 0),
(1998, 144, 12, '32', 0),
(1999, 144, 13, 'SLTA', 0),
(2000, 144, 14, 'TNI/Polri', 0),
(2001, 145, 1, 'Laki-laki', 0),
(2002, 145, 2, 'Mudah', 3),
(2003, 145, 3, 'Sangat Baik', 4),
(2004, 145, 4, 'Cepat', 3),
(2005, 145, 5, 'Tidak dipungut biaya', 4),
(2006, 145, 6, 'Sangat Memuaskan', 4),
(2007, 145, 7, 'Sangat Mampu', 4),
(2008, 145, 8, 'Sangat baik', 4),
(2009, 145, 9, 'Memuaskan', 3),
(2010, 145, 10, 'Sangat Baik', 4),
(2011, 145, 11, 'Tingkatkan pelayanan yang diberikan.', 0),
(2012, 145, 12, '46', 0),
(2013, 145, 13, 'SLTA', 0),
(2014, 145, 14, 'TNI/Polri', 0),
(2015, 146, 1, 'Perempuan', 0),
(2016, 146, 2, 'Mudah', 3),
(2017, 146, 3, 'Baik', 3),
(2018, 146, 4, 'Cepat', 3),
(2019, 146, 5, 'Tidak dipungut biaya', 4),
(2020, 146, 6, 'Memuaskan', 3),
(2021, 146, 7, 'Mampu', 3),
(2022, 146, 8, 'Baik', 3),
(2023, 146, 9, 'Memuaskan', 3),
(2024, 146, 10, 'Baik', 3),
(2025, 146, 11, '-', 0),
(2026, 146, 12, '28', 0),
(2027, 146, 13, 'Diploma (D1/D2/D3/D4)', 0),
(2028, 146, 14, 'Pegawai Swasta', 0),
(2029, 147, 1, 'Laki-laki', 0),
(2030, 147, 2, 'Sangat Mudah', 4),
(2031, 147, 3, 'Sangat Baik', 4),
(2032, 147, 4, 'Cepat', 3),
(2033, 147, 5, 'Tidak dipungut biaya', 4),
(2034, 147, 6, 'Memuaskan', 3),
(2035, 147, 7, 'Sangat Mampu', 4),
(2036, 147, 8, 'Sangat baik', 4),
(2037, 147, 9, 'Sangat Memuaskan', 4),
(2038, 147, 10, 'Baik', 3),
(2039, 147, 11, '-', 0),
(2040, 147, 12, '40', 0),
(2041, 147, 13, 'Sarjana (S1)', 0),
(2042, 147, 14, 'PNS', 0),
(2043, 148, 1, 'Laki-laki', 0),
(2044, 148, 2, 'Sangat Mudah', 4),
(2045, 148, 3, 'Sangat Baik', 4),
(2046, 148, 4, 'Sangat Cepat', 4),
(2047, 148, 5, 'Tidak dipungut biaya', 4),
(2048, 148, 6, 'Sangat Memuaskan', 4),
(2049, 148, 7, 'Sangat Mampu', 4),
(2050, 148, 8, 'Sangat baik', 4),
(2051, 148, 9, 'Sangat Memuaskan', 4),
(2052, 148, 10, 'Sangat Baik', 4),
(2053, 148, 11, '-', 0),
(2054, 148, 12, '19', 0),
(2055, 148, 13, 'SLTA', 0),
(2056, 148, 14, 'Pelajar/Mahasiswa', 0),
(2057, 149, 1, 'Laki-laki', 0),
(2058, 149, 2, 'Sangat Mudah', 4),
(2059, 149, 3, 'Sangat Baik', 4),
(2060, 149, 4, 'Sangat Cepat', 4),
(2061, 149, 5, 'Tidak dipungut biaya', 4),
(2062, 149, 6, 'Sangat Memuaskan', 4),
(2063, 149, 7, 'Sangat Mampu', 4),
(2064, 149, 8, 'Sangat baik', 4),
(2065, 149, 9, 'Sangat Memuaskan', 4),
(2066, 149, 10, 'Sangat Baik', 4),
(2067, 149, 11, 'agar dipertahankan pelayanannya.', 0),
(2068, 149, 12, '29', 0),
(2069, 149, 13, 'SLTA', 0),
(2070, 149, 14, 'TNI/Polri', 0),
(2071, 150, 1, 'Laki-laki', 0),
(2072, 150, 2, 'Mudah', 3),
(2073, 150, 3, 'Sangat Baik', 4),
(2074, 150, 4, 'Cepat', 3),
(2075, 150, 5, 'Tidak dipungut biaya', 4),
(2076, 150, 6, 'Sangat Memuaskan', 4),
(2077, 150, 7, 'Mampu', 3),
(2078, 150, 8, 'Sangat baik', 4),
(2079, 150, 9, 'Sangat Memuaskan', 4),
(2080, 150, 10, 'Baik', 3),
(2081, 150, 11, 'agar pelayanan lebih diperbaiki atau ditingkatkan lagi.', 0),
(2082, 150, 12, '35', 0),
(2083, 150, 13, 'Sarjana (S1)', 0),
(2084, 150, 14, 'Pegawai Swasta', 0),
(2085, 151, 1, 'Laki-laki', 0),
(2086, 151, 2, 'Mudah', 3),
(2087, 151, 3, 'Sangat Baik', 4),
(2088, 151, 4, 'Sangat Cepat', 4),
(2089, 151, 5, 'Tidak dipungut biaya', 4),
(2090, 151, 6, 'Memuaskan', 3),
(2091, 151, 7, 'Mampu', 3),
(2092, 151, 8, 'Sangat baik', 4),
(2093, 151, 9, 'Memuaskan', 3),
(2094, 151, 10, 'Sangat Baik', 4),
(2095, 151, 11, '-', 0),
(2096, 151, 12, '30', 0),
(2097, 151, 13, 'SLTA', 0),
(2098, 151, 14, 'TNI/Polri', 0),
(2099, 152, 1, 'Perempuan', 0),
(2100, 152, 2, 'Sangat Mudah', 4),
(2101, 152, 3, 'Sangat Baik', 4),
(2102, 152, 4, 'Cepat', 3),
(2103, 152, 5, 'Tidak dipungut biaya', 4),
(2104, 152, 6, 'Memuaskan', 3),
(2105, 152, 7, 'Sangat Mampu', 4),
(2106, 152, 8, 'Sangat baik', 4),
(2107, 152, 9, 'Sangat Memuaskan', 4),
(2108, 152, 10, 'Baik', 3),
(2109, 152, 11, '-', 0),
(2110, 152, 12, '46', 0),
(2111, 152, 13, 'Sarjana (S1)', 0),
(2112, 152, 14, 'PNS', 0),
(2113, 153, 1, 'Perempuan', 0),
(2114, 153, 2, 'Sangat Mudah', 4),
(2115, 153, 3, 'Sangat Baik', 4),
(2116, 153, 4, 'Sangat Cepat', 4),
(2117, 153, 5, 'Tidak dipungut biaya', 4),
(2118, 153, 6, 'Sangat Memuaskan', 4),
(2119, 153, 7, 'Sangat Mampu', 4),
(2120, 153, 8, 'Sangat baik', 4),
(2121, 153, 9, 'Sangat Memuaskan', 4),
(2122, 153, 10, 'Sangat Baik', 4),
(2123, 153, 11, 'Sidang berjalan dengan baik', 0),
(2124, 153, 12, '20', 0),
(2125, 153, 13, 'SLTA', 0),
(2126, 153, 14, 'Pelajar/Mahasiswa', 0),
(2127, 154, 1, 'Laki-laki', 0),
(2128, 154, 2, 'Sangat Mudah', 4),
(2129, 154, 3, 'Sangat Baik', 4),
(2130, 154, 4, 'Sangat Cepat', 4),
(2131, 154, 5, 'Tidak dipungut biaya', 4),
(2132, 154, 6, 'Sangat Memuaskan', 4),
(2133, 154, 7, 'Sangat Mampu', 4),
(2134, 154, 8, 'Sangat baik', 4),
(2135, 154, 9, 'Sangat Memuaskan', 4),
(2136, 154, 10, 'Sangat Baik', 4),
(2137, 154, 11, 'Terima kasih atas pelayanannya. agar dipertahankan.', 0),
(2138, 154, 12, '26', 0),
(2139, 154, 13, 'SLTA', 0),
(2140, 154, 14, 'TNI/Polri', 0),
(2141, 155, 1, 'Laki-laki', 0),
(2142, 155, 2, 'Sangat Mudah', 4),
(2143, 155, 3, 'Sangat Baik', 4),
(2144, 155, 4, 'Cepat', 3),
(2145, 155, 5, 'Tidak dipungut biaya', 4),
(2146, 155, 6, 'Sangat Memuaskan', 4),
(2147, 155, 7, 'Mampu', 3),
(2148, 155, 8, 'Sangat baik', 4),
(2149, 155, 9, 'Sangat Memuaskan', 4),
(2150, 155, 10, 'Baik', 3),
(2151, 155, 11, '-', 0),
(2152, 155, 12, '48', 0),
(2153, 155, 13, 'Sarjana (S1)', 0),
(2154, 155, 14, 'TNI/Polri', 0),
(2155, 156, 1, 'Laki-laki', 0),
(2156, 156, 2, 'Sangat Mudah', 4),
(2157, 156, 3, 'Sangat Baik', 4),
(2158, 156, 4, 'Cepat', 3),
(2159, 156, 5, 'Tidak dipungut biaya', 4),
(2160, 156, 6, 'Memuaskan', 3),
(2161, 156, 7, 'Mampu', 3),
(2162, 156, 8, 'Baik', 3),
(2163, 156, 9, 'Memuaskan', 3),
(2164, 156, 10, 'Baik', 3),
(2165, 156, 11, '-', 0),
(2166, 156, 12, '34', 0),
(2167, 156, 13, 'SLTA', 0),
(2168, 156, 14, 'Wiraswasta/Usahawan', 0),
(2169, 157, 1, 'Laki-laki', 0),
(2170, 157, 2, 'Sangat Mudah', 4),
(2171, 157, 3, 'Sangat Baik', 4),
(2172, 157, 4, 'Sangat Cepat', 4),
(2173, 157, 5, 'Tidak dipungut biaya', 4),
(2174, 157, 6, 'Sangat Memuaskan', 4),
(2175, 157, 7, 'Sangat Mampu', 4),
(2176, 157, 8, 'Sangat baik', 4),
(2177, 157, 9, 'Sangat Memuaskan', 4),
(2178, 157, 10, 'Sangat Baik', 4),
(2179, 157, 11, '-', 0),
(2180, 157, 12, '27', 0),
(2181, 157, 13, 'SLTA', 0),
(2182, 157, 14, 'TNI/Polri', 0),
(2183, 158, 1, 'Laki-laki', 0),
(2184, 158, 2, 'Sangat Mudah', 4),
(2185, 158, 3, 'Baik', 3),
(2186, 158, 4, 'Cepat', 3),
(2187, 158, 5, 'Tidak dipungut biaya', 4),
(2188, 158, 6, 'Sangat Memuaskan', 4),
(2189, 158, 7, 'Sangat Mampu', 4),
(2190, 158, 8, 'Sangat baik', 4),
(2191, 158, 9, 'Sangat Memuaskan', 4),
(2192, 158, 10, 'Sangat Baik', 4),
(2193, 158, 11, 'Petugas melayani dengan baik', 0),
(2194, 158, 12, '37', 0),
(2195, 158, 13, 'Sarjana (S1)', 0),
(2196, 158, 14, 'TNI/Polri', 0),
(2197, 159, 1, 'Laki-laki', 0),
(2198, 159, 2, 'Sangat Mudah', 4),
(2199, 159, 3, 'Sangat Baik', 4),
(2200, 159, 4, 'Cepat', 3),
(2201, 159, 5, 'Tidak dipungut biaya', 4),
(2202, 159, 6, 'Sangat Memuaskan', 4),
(2203, 159, 7, 'Mampu', 3),
(2204, 159, 8, 'Sangat baik', 4),
(2205, 159, 9, 'Sangat Memuaskan', 4),
(2206, 159, 10, 'Sangat Baik', 4),
(2207, 159, 11, '-', 0),
(2208, 159, 12, '30', 0),
(2209, 159, 13, 'Diploma (D1/D2/D3/D4)', 0),
(2210, 159, 14, 'TNI/Polri', 0),
(2211, 160, 1, 'Laki-laki', 0),
(2212, 160, 2, 'Sangat Mudah', 4),
(2213, 160, 3, 'Sangat Baik', 4),
(2214, 160, 4, 'Cepat', 3),
(2215, 160, 5, 'Tidak dipungut biaya', 4),
(2216, 160, 6, 'Sangat Memuaskan', 4),
(2217, 160, 7, 'Mampu', 3),
(2218, 160, 8, 'Sangat baik', 4),
(2219, 160, 9, 'Memuaskan', 3),
(2220, 160, 10, 'Sangat Baik', 4),
(2221, 160, 11, 'Bersih', 0),
(2222, 160, 12, '32', 0),
(2223, 160, 13, 'SLTA', 0),
(2224, 160, 14, 'TNI/Polri', 0),
(2225, 161, 1, 'Laki-laki', 0),
(2226, 161, 2, 'Mudah', 3),
(2227, 161, 3, 'Sangat Baik', 4),
(2228, 161, 4, 'Cepat', 3),
(2229, 161, 5, 'Tidak dipungut biaya', 4),
(2230, 161, 6, 'Memuaskan', 3),
(2231, 161, 7, 'Mampu', 3),
(2232, 161, 8, 'Sangat baik', 4),
(2233, 161, 9, 'Sangat Memuaskan', 4),
(2234, 161, 10, 'Sangat Baik', 4),
(2235, 161, 11, 'Ruang merokok bersih', 0),
(2236, 161, 12, '35', 0),
(2237, 161, 13, 'SLTA', 0),
(2238, 161, 14, 'PNS', 0),
(2239, 162, 1, 'Laki-laki', 0),
(2240, 162, 2, 'Sangat Mudah', 4),
(2241, 162, 3, 'Sangat Baik', 4),
(2242, 162, 4, 'Sangat Cepat', 4),
(2243, 162, 5, 'Tidak dipungut biaya', 4),
(2244, 162, 6, 'Sangat Memuaskan', 4),
(2245, 162, 7, 'Sangat Mampu', 4),
(2246, 162, 8, 'Sangat baik', 4),
(2247, 162, 9, 'Sangat Memuaskan', 4),
(2248, 162, 10, 'Sangat Baik', 4),
(2249, 162, 11, 'Penerimaan untuk kunjungan sangat baik', 0),
(2250, 162, 12, '22', 0),
(2251, 162, 13, 'SLTA', 0),
(2252, 162, 14, 'Pelajar/Mahasiswa', 0),
(2253, 163, 1, 'Laki-laki', 0),
(2254, 163, 2, 'Sangat Mudah', 4),
(2255, 163, 3, 'Sangat Baik', 4),
(2256, 163, 4, 'Sangat Cepat', 4),
(2257, 163, 5, 'Tidak dipungut biaya', 4),
(2258, 163, 6, 'Sangat Memuaskan', 4),
(2259, 163, 7, 'Sangat Mampu', 4),
(2260, 163, 8, 'Sangat baik', 4),
(2261, 163, 9, 'Sangat Memuaskan', 4),
(2262, 163, 10, 'Sangat Baik', 4),
(2263, 163, 11, '-', 0),
(2264, 163, 12, '22', 0),
(2265, 163, 13, 'SLTA', 0),
(2266, 163, 14, 'Pelajar/Mahasiswa', 0),
(2267, 164, 1, 'Laki-laki', 0),
(2268, 164, 2, 'Sangat Mudah', 4),
(2269, 164, 3, 'Baik', 3),
(2270, 164, 4, 'Cepat', 3),
(2271, 164, 5, 'Tidak dipungut biaya', 4),
(2272, 164, 6, 'Sangat Memuaskan', 4),
(2273, 164, 7, 'Sangat Mampu', 4),
(2274, 164, 8, 'Sangat baik', 4),
(2275, 164, 9, 'Sangat Memuaskan', 4),
(2276, 164, 10, 'Sangat Baik', 4),
(2277, 164, 11, 'Tanggapan yang diberikan cukup memuaskan', 0),
(2278, 164, 12, '21', 0),
(2279, 164, 13, 'SLTA', 0),
(2280, 164, 14, 'Pelajar/Mahasiswa', 0),
(2281, 165, 1, 'Laki-laki', 0),
(2282, 165, 2, 'Sangat Mudah', 4),
(2283, 165, 3, 'Sangat Baik', 4),
(2284, 165, 4, 'Cepat', 3),
(2285, 165, 5, 'Tidak dipungut biaya', 4),
(2286, 165, 6, 'Sangat Memuaskan', 4),
(2287, 165, 7, 'Mampu', 3),
(2288, 165, 8, 'Sangat baik', 4),
(2289, 165, 9, 'Memuaskan', 3),
(2290, 165, 10, 'Sangat Baik', 4),
(2291, 165, 11, 'Baik', 0),
(2292, 165, 12, '20', 0),
(2293, 165, 13, 'SLTA', 0),
(2294, 165, 14, 'Pelajar/Mahasiswa', 0),
(2295, 166, 1, 'Laki-laki', 0),
(2296, 166, 2, 'Mudah', 3),
(2297, 166, 3, 'Baik', 3),
(2298, 166, 4, 'Cepat', 3),
(2299, 166, 5, 'Tidak dipungut biaya', 4),
(2300, 166, 6, 'Memuaskan', 3),
(2301, 166, 7, 'Mampu', 3),
(2302, 166, 8, 'Baik', 3),
(2303, 166, 9, 'Memuaskan', 3),
(2304, 166, 10, 'Baik', 3),
(2305, 166, 11, 'Sangat memuaskan kalau bisa untuk ditingkatkan kembali agar menajdi lebih baik lagi', 0),
(2306, 166, 12, '35', 0),
(2307, 166, 13, 'SLTA', 0),
(2308, 166, 14, 'Wiraswasta/Usahawan', 0),
(2309, 167, 1, 'Perempuan', 0),
(2310, 167, 2, 'Mudah', 3),
(2311, 167, 3, 'Sangat Baik', 4),
(2312, 167, 4, 'Cukup Cepat', 2),
(2313, 167, 5, 'Tidak dipungut biaya', 4),
(2314, 167, 6, 'Memuaskan', 3),
(2315, 167, 7, 'Mampu', 3),
(2316, 167, 8, 'Baik', 3),
(2317, 167, 9, 'Memuaskan', 3),
(2318, 167, 10, 'Baik', 3),
(2319, 167, 11, 'dipertahankan dalam pelayanannya', 0),
(2320, 167, 12, '29', 0),
(2321, 167, 13, 'Sarjana (S1)', 0),
(2322, 167, 14, 'Lainnya', 0),
(2323, 168, 1, 'Laki-laki', 0),
(2324, 168, 2, 'Mudah', 3),
(2325, 168, 3, 'Baik', 3),
(2326, 168, 4, 'Cepat', 3),
(2327, 168, 5, 'Tidak dipungut biaya', 4),
(2328, 168, 6, 'Memuaskan', 3),
(2329, 168, 7, 'Mampu', 3),
(2330, 168, 8, 'Baik', 3),
(2331, 168, 9, 'Memuaskan', 3),
(2332, 168, 10, 'Baik', 3),
(2333, 168, 11, 'sangat baik tinggal ditingkatkan lagi', 0),
(2334, 168, 12, '45', 0),
(2335, 168, 13, 'SLTA', 0),
(2336, 168, 14, 'TNI/Polri', 0),
(2337, 169, 1, 'Laki-laki', 0),
(2338, 169, 2, 'Mudah', 3),
(2339, 169, 3, 'Baik', 3),
(2340, 169, 4, 'Cepat', 3),
(2341, 169, 5, 'Tidak dipungut biaya', 4),
(2342, 169, 6, 'Memuaskan', 3),
(2343, 169, 7, 'Mampu', 3),
(2344, 169, 8, 'Baik', 3),
(2345, 169, 9, 'Memuaskan', 3),
(2346, 169, 10, 'Baik', 3),
(2347, 169, 11, 'tolong tingkatkan kembali untuk pelayanannya', 0),
(2348, 169, 12, '33', 0),
(2349, 169, 13, 'SLTA', 0),
(2350, 169, 14, 'Petani/Nelayan', 0),
(2351, 170, 1, 'Laki-laki', 0),
(2352, 170, 2, 'Mudah', 3),
(2353, 170, 3, 'Baik', 3),
(2354, 170, 4, 'Cepat', 3),
(2355, 170, 5, 'Tidak dipungut biaya', 4),
(2356, 170, 6, 'Memuaskan', 3),
(2357, 170, 7, 'Mampu', 3),
(2358, 170, 8, 'Baik', 3),
(2359, 170, 9, 'Memuaskan', 3),
(2360, 170, 10, 'Baik', 3),
(2361, 170, 11, 'Dipertahankan sudah cukup baik', 0),
(2362, 170, 12, '28', 0),
(2363, 170, 13, 'SLTA', 0),
(2364, 170, 14, 'Wiraswasta/Usahawan', 0),
(2365, 171, 1, 'Laki-laki', 0),
(2366, 171, 2, 'Mudah', 3),
(2367, 171, 3, 'Baik', 3),
(2368, 171, 4, 'Cepat', 3),
(2369, 171, 5, 'Tidak dipungut biaya', 4),
(2370, 171, 6, 'Memuaskan', 3),
(2371, 171, 7, 'Mampu', 3),
(2372, 171, 8, 'Baik', 3),
(2373, 171, 9, 'Memuaskan', 3),
(2374, 171, 10, 'Baik', 3),
(2375, 171, 11, 'tolong dipertahankan dalam pelayananya', 0),
(2376, 171, 12, '49', 0),
(2377, 171, 13, 'SLTA', 0),
(2378, 171, 14, 'Pegawai Swasta', 0),
(2379, 172, 1, 'Perempuan', 0),
(2380, 172, 2, 'Mudah', 3),
(2381, 172, 3, 'Baik', 3),
(2382, 172, 4, 'Cepat', 3),
(2383, 172, 5, 'Tidak dipungut biaya', 4),
(2384, 172, 6, 'Memuaskan', 3),
(2385, 172, 7, 'Mampu', 3),
(2386, 172, 8, 'Baik', 3),
(2387, 172, 9, 'Memuaskan', 3),
(2388, 172, 10, 'Baik', 3),
(2389, 172, 11, 'Kami menyarankan agar pelayanan pengaduan bisa dipertahankan bahkan kalau perlu di tingkatkan.', 0),
(2390, 172, 12, '36', 0),
(2391, 172, 13, 'SLTA', 0),
(2392, 172, 14, 'TNI/Polri', 0),
(2393, 173, 1, 'Laki-laki', 0),
(2394, 173, 2, 'Mudah', 3),
(2395, 173, 3, 'Baik', 3),
(2396, 173, 4, 'Cepat', 3),
(2397, 173, 5, 'Tidak dipungut biaya', 4),
(2398, 173, 6, 'Sangat Memuaskan', 4),
(2399, 173, 7, 'Mampu', 3),
(2400, 173, 8, 'Baik', 3),
(2401, 173, 9, 'Memuaskan', 3),
(2402, 173, 10, 'Baik', 3),
(2403, 173, 11, '-', 0),
(2404, 173, 12, '23', 0),
(2405, 173, 13, 'SLTA', 0),
(2406, 173, 14, 'Pegawai Swasta', 0),
(2407, 174, 1, 'Laki-laki', 0),
(2408, 174, 2, 'Sangat Mudah', 4),
(2409, 174, 3, 'Sangat Baik', 4),
(2410, 174, 4, 'Cepat', 3),
(2411, 174, 5, 'Tidak dipungut biaya', 4),
(2412, 174, 6, 'Sangat Memuaskan', 4),
(2413, 174, 7, 'Mampu', 3),
(2414, 174, 8, 'Sangat baik', 4),
(2415, 174, 9, 'Memuaskan', 3),
(2416, 174, 10, 'Baik', 3),
(2417, 174, 11, 'Agar Pelayanan yang sudah ada bisa di pertahankan.', 0),
(2418, 174, 12, '38', 0),
(2419, 174, 13, 'Sarjana (S1)', 0),
(2420, 174, 14, 'Pegawai Swasta', 0),
(2421, 175, 1, 'Laki-laki', 0),
(2422, 175, 2, 'Mudah', 3),
(2423, 175, 3, 'Baik', 3),
(2424, 175, 4, 'Cepat', 3),
(2425, 175, 5, 'Tidak dipungut biaya', 4),
(2426, 175, 6, 'Memuaskan', 3),
(2427, 175, 7, 'Mampu', 3),
(2428, 175, 8, 'Baik', 3),
(2429, 175, 9, 'Memuaskan', 3),
(2430, 175, 10, 'Baik', 3),
(2431, 175, 11, 'sudah bagus', 0),
(2432, 175, 12, '41', 0),
(2433, 175, 13, 'SMP/SLTP', 0),
(2434, 175, 14, 'Petani/Nelayan', 0),
(2435, 176, 1, 'Laki-laki', 0),
(2436, 176, 2, 'Mudah', 3),
(2437, 176, 3, 'Baik', 3),
(2438, 176, 4, 'Cepat', 3),
(2439, 176, 5, 'Murah', 3),
(2440, 176, 6, 'Memuaskan', 3),
(2441, 176, 7, 'Mampu', 3),
(2442, 176, 8, 'Baik', 3),
(2443, 176, 9, 'Memuaskan', 3),
(2444, 176, 10, 'Baik', 3),
(2445, 176, 11, 'baik', 0),
(2446, 176, 12, '46', 0),
(2447, 176, 13, 'SLTA', 0),
(2448, 176, 14, 'TNI/Polri', 0),
(2449, 177, 1, 'Perempuan', 0),
(2450, 177, 2, 'Sangat Mudah', 4),
(2451, 177, 3, 'Sangat Baik', 4),
(2452, 177, 4, 'Sangat Cepat', 4),
(2453, 177, 5, 'Tidak dipungut biaya', 4),
(2454, 177, 6, 'Sangat Memuaskan', 4),
(2455, 177, 7, 'Sangat Mampu', 4),
(2456, 177, 8, 'Sangat baik', 4),
(2457, 177, 9, 'Sangat Memuaskan', 4),
(2458, 177, 10, 'Sangat Baik', 4),
(2459, 177, 11, 'Agar perlu ditingkatkan pelayanan yang sudah ada.', 0),
(2460, 177, 12, '37', 0),
(2461, 177, 13, 'SLTA', 0),
(2462, 177, 14, 'Pelajar/Mahasiswa', 0),
(2463, 178, 1, 'Laki-laki', 0),
(2464, 178, 2, 'Mudah', 3),
(2465, 178, 3, 'Baik', 3),
(2466, 178, 4, 'Cepat', 3),
(2467, 178, 5, 'Murah', 3),
(2468, 178, 6, 'Memuaskan', 3),
(2469, 178, 7, 'Mampu', 3),
(2470, 178, 8, 'Baik', 3),
(2471, 178, 9, 'Memuaskan', 3),
(2472, 178, 10, 'Baik', 3),
(2473, 178, 11, 'kebersihan baik', 0),
(2474, 178, 12, '21', 0),
(2475, 178, 13, 'Sarjana (S1)', 0),
(2476, 178, 14, 'Pelajar/Mahasiswa', 0),
(2477, 179, 1, 'Laki-laki', 0),
(2478, 179, 2, 'Mudah', 3),
(2479, 179, 3, 'Baik', 3),
(2480, 179, 4, 'Cukup Cepat', 2),
(2481, 179, 5, 'Tidak dipungut biaya', 4),
(2482, 179, 6, 'Memuaskan', 3),
(2483, 179, 7, 'Sangat Mampu', 4),
(2484, 179, 8, 'Sangat baik', 4),
(2485, 179, 9, 'Sangat Memuaskan', 4),
(2486, 179, 10, 'Sangat Baik', 4),
(2487, 179, 11, '-', 0),
(2488, 179, 12, '26', 0),
(2489, 179, 13, 'SLTA', 0),
(2490, 179, 14, 'Wiraswasta/Usahawan', 0),
(2491, 180, 1, 'Perempuan', 0),
(2492, 180, 2, 'Mudah', 3),
(2493, 180, 3, 'Baik', 3),
(2494, 180, 4, 'Cepat', 3),
(2495, 180, 5, 'Murah', 3),
(2496, 180, 6, 'Memuaskan', 3),
(2497, 180, 7, 'Mampu', 3),
(2498, 180, 8, 'Baik', 3),
(2499, 180, 9, 'Memuaskan', 3),
(2500, 180, 10, 'Baik', 3),
(2501, 180, 11, '-', 0),
(2502, 180, 12, '22', 0),
(2503, 180, 13, 'Sarjana (S1)', 0),
(2504, 180, 14, 'Pelajar/Mahasiswa', 0),
(2505, 181, 1, 'Perempuan', 0),
(2506, 181, 2, 'Mudah', 3),
(2507, 181, 3, 'Baik', 3),
(2508, 181, 4, 'Cepat', 3),
(2509, 181, 5, 'Tidak dipungut biaya', 4),
(2510, 181, 6, 'Memuaskan', 3),
(2511, 181, 7, 'Mampu', 3),
(2512, 181, 8, 'Baik', 3),
(2513, 181, 9, 'Memuaskan', 3),
(2514, 181, 10, 'Baik', 3),
(2515, 181, 11, 'sudah bagus', 0),
(2516, 181, 12, '55', 0),
(2517, 181, 13, 'SLTA', 0),
(2518, 181, 14, 'Petani/Nelayan', 0),
(2519, 182, 1, 'Laki-laki', 0),
(2520, 182, 2, 'Mudah', 3),
(2521, 182, 3, 'Baik', 3),
(2522, 182, 4, 'Cepat', 3),
(2523, 182, 5, 'Murah', 3),
(2524, 182, 6, 'Memuaskan', 3),
(2525, 182, 7, 'Mampu', 3),
(2526, 182, 8, 'Baik', 3),
(2527, 182, 9, 'Memuaskan', 3),
(2528, 182, 10, 'Baik', 3),
(2529, 182, 12, '45', 0),
(2530, 182, 13, 'SMP/SLTP', 0),
(2531, 182, 14, 'TNI/Polri', 0),
(2532, 183, 1, 'Laki-laki', 0),
(2533, 183, 2, 'Mudah', 3),
(2534, 183, 3, 'Baik', 3),
(2535, 183, 4, 'Cepat', 3),
(2536, 183, 5, 'Tidak dipungut biaya', 4),
(2537, 183, 6, 'Memuaskan', 3),
(2538, 183, 7, 'Mampu', 3),
(2539, 183, 8, 'Baik', 3),
(2540, 183, 9, 'Memuaskan', 3),
(2541, 183, 10, 'Baik', 3),
(2542, 183, 11, 'Kami menyarankan agar pelayanan perlu ditingkatkkan, dan agar sidang sesuai dengan jadwal yang ditentukan.', 0),
(2543, 183, 12, '36', 0),
(2544, 183, 13, 'SLTA', 0),
(2545, 183, 14, 'TNI/Polri', 0),
(2546, 184, 1, 'Laki-laki', 0),
(2547, 184, 2, 'Mudah', 3),
(2548, 184, 3, 'Baik', 3),
(2549, 184, 4, 'Cepat', 3),
(2550, 184, 5, 'Tidak dipungut biaya', 4),
(2551, 184, 6, 'Memuaskan', 3),
(2552, 184, 7, 'Mampu', 3),
(2553, 184, 8, 'Baik', 3),
(2554, 184, 9, 'Memuaskan', 3),
(2555, 184, 10, 'Baik', 3),
(2556, 184, 11, 'kebersihan untuk ditingkatkan kembali', 0),
(2557, 184, 12, '30', 0),
(2558, 184, 13, 'SLTA', 0),
(2559, 184, 14, 'TNI/Polri', 0),
(2560, 185, 1, 'Laki-laki', 0),
(2561, 185, 2, 'Mudah', 3),
(2562, 185, 3, 'Baik', 3),
(2563, 185, 4, 'Cepat', 3),
(2564, 185, 5, 'Murah', 3),
(2565, 185, 6, 'Memuaskan', 3),
(2566, 185, 7, 'Mampu', 3),
(2567, 185, 8, 'Baik', 3),
(2568, 185, 9, 'Memuaskan', 3),
(2569, 185, 10, 'Baik', 3),
(2570, 185, 12, '25', 0),
(2571, 185, 13, 'SLTA', 0),
(2572, 185, 14, 'PNS', 0),
(2573, 186, 1, 'Perempuan', 0),
(2574, 186, 2, 'Mudah', 3),
(2575, 186, 3, 'Baik', 3),
(2576, 186, 4, 'Cepat', 3),
(2577, 186, 5, 'Murah', 3),
(2578, 186, 6, 'Memuaskan', 3),
(2579, 186, 7, 'Mampu', 3),
(2580, 186, 8, 'Baik', 3),
(2581, 186, 9, 'Memuaskan', 3),
(2582, 186, 10, 'Baik', 3),
(2583, 186, 11, 'bagus pelayanannya', 0),
(2584, 186, 12, '40', 0),
(2585, 186, 13, 'SMP/SLTP', 0),
(2586, 186, 14, 'TNI/Polri', 0),
(2587, 187, 1, 'Laki-laki', 0),
(2588, 187, 2, 'Sangat Mudah', 4),
(2589, 187, 3, 'Sangat Baik', 4),
(2590, 187, 4, 'Sangat Cepat', 4),
(2591, 187, 5, 'Tidak dipungut biaya', 4),
(2592, 187, 6, 'Sangat Memuaskan', 4),
(2593, 187, 7, 'Sangat Mampu', 4),
(2594, 187, 8, 'Sangat baik', 4),
(2595, 187, 9, 'Sangat Memuaskan', 4),
(2596, 187, 10, 'Sangat Baik', 4),
(2597, 187, 11, '-', 0),
(2598, 187, 12, '35', 0),
(2599, 187, 13, 'Sarjana (S1)', 0),
(2600, 187, 14, 'TNI/Polri', 0),
(2601, 188, 1, 'Laki-laki', 0),
(2602, 188, 2, 'Mudah', 3),
(2603, 188, 3, 'Baik', 3),
(2604, 188, 4, 'Cepat', 3),
(2605, 188, 5, 'Tidak dipungut biaya', 4),
(2606, 188, 6, 'Memuaskan', 3),
(2607, 188, 7, 'Mampu', 3),
(2608, 188, 8, 'Baik', 3),
(2609, 188, 9, 'Memuaskan', 3),
(2610, 188, 10, 'Baik', 3),
(2611, 188, 11, 'sudah bagus', 0),
(2612, 188, 12, '46', 0),
(2613, 188, 13, 'SLTA', 0),
(2614, 188, 14, 'Pegawai Swasta', 0),
(2615, 189, 1, 'Laki-laki', 0),
(2616, 189, 2, 'Mudah', 3),
(2617, 189, 3, 'Baik', 3),
(2618, 189, 4, 'Cepat', 3),
(2619, 189, 5, 'Murah', 3),
(2620, 189, 6, 'Memuaskan', 3),
(2621, 189, 7, 'Mampu', 3),
(2622, 189, 8, 'Baik', 3),
(2623, 189, 9, 'Memuaskan', 3),
(2624, 189, 10, 'Baik', 3),
(2625, 189, 12, '30', 0),
(2626, 189, 13, 'SLTA', 0),
(2627, 189, 14, 'Pegawai Swasta', 0),
(2628, 190, 1, 'Perempuan', 0),
(2629, 190, 2, 'Mudah', 3),
(2630, 190, 3, 'Baik', 3),
(2631, 190, 4, 'Cepat', 3),
(2632, 190, 5, 'Murah', 3),
(2633, 190, 6, 'Memuaskan', 3),
(2634, 190, 7, 'Mampu', 3),
(2635, 190, 8, 'Baik', 3),
(2636, 190, 9, 'Memuaskan', 3),
(2637, 190, 10, 'Baik', 3),
(2638, 190, 11, '-', 0),
(2639, 190, 12, '34', 0),
(2640, 190, 13, 'SMP/SLTP', 0),
(2641, 190, 14, 'TNI/Polri', 0),
(2642, 191, 1, 'Laki-laki', 0),
(2643, 191, 2, 'Mudah', 3),
(2644, 191, 3, 'Baik', 3),
(2645, 191, 4, 'Cepat', 3),
(2646, 191, 5, 'Tidak dipungut biaya', 4),
(2647, 191, 6, 'Memuaskan', 3),
(2648, 191, 7, 'Mampu', 3),
(2649, 191, 8, 'Baik', 3),
(2650, 191, 9, 'Memuaskan', 3),
(2651, 191, 10, 'Baik', 3),
(2652, 191, 11, 'sudag bagus', 0),
(2653, 191, 12, '48', 0),
(2654, 191, 13, 'SLTA', 0),
(2655, 191, 14, 'TNI/Polri', 0),
(2656, 192, 1, 'Laki-laki', 0),
(2657, 192, 2, 'Mudah', 3),
(2658, 192, 3, 'Baik', 3),
(2659, 192, 4, 'Cepat', 3),
(2660, 192, 5, 'Murah', 3),
(2661, 192, 6, 'Memuaskan', 3),
(2662, 192, 7, 'Mampu', 3),
(2663, 192, 8, 'Baik', 3),
(2664, 192, 9, 'Memuaskan', 3),
(2665, 192, 10, 'Baik', 3),
(2666, 192, 11, 'Perlu ditingkatkkan \n', 0),
(2667, 192, 12, '36', 0),
(2668, 192, 13, 'SLTA', 0),
(2669, 192, 14, 'Pegawai Swasta', 0),
(2670, 193, 1, 'Laki-laki', 0),
(2671, 193, 2, 'Mudah', 3),
(2672, 193, 3, 'Baik', 3),
(2673, 193, 4, 'Cepat', 3),
(2674, 193, 5, 'Murah', 3),
(2675, 193, 6, 'Memuaskan', 3),
(2676, 193, 7, 'Mampu', 3),
(2677, 193, 8, 'Baik', 3),
(2678, 193, 9, 'Memuaskan', 3),
(2679, 193, 10, 'Baik', 3),
(2680, 193, 11, '-', 0),
(2681, 193, 12, '42', 0),
(2682, 193, 13, 'SMP/SLTP', 0),
(2683, 193, 14, 'TNI/Polri', 0),
(2684, 194, 1, 'Perempuan', 0),
(2685, 194, 2, 'Sangat Mudah', 4),
(2686, 194, 3, 'Sangat Baik', 4),
(2687, 194, 4, 'Sangat Cepat', 4),
(2688, 194, 5, 'Tidak dipungut biaya', 4),
(2689, 194, 6, 'Sangat Memuaskan', 4),
(2690, 194, 7, 'Sangat Mampu', 4),
(2691, 194, 8, 'Sangat baik', 4),
(2692, 194, 9, 'Sangat Memuaskan', 4),
(2693, 194, 10, 'Sangat Baik', 4),
(2694, 194, 11, '-', 0),
(2695, 194, 12, '38', 0),
(2696, 194, 13, 'Diploma (D1/D2/D3/D4)', 0),
(2697, 194, 14, 'PNS', 0),
(2698, 195, 1, 'Laki-laki', 0),
(2699, 195, 2, 'Mudah', 3),
(2700, 195, 3, 'Baik', 3),
(2701, 196, 1, 'Laki-laki', 0),
(2702, 195, 4, 'Cepat', 3),
(2703, 196, 2, 'Mudah', 3),
(2704, 195, 5, 'Tidak dipungut biaya', 4),
(2705, 196, 3, 'Baik', 3),
(2706, 195, 6, 'Memuaskan', 3),
(2707, 196, 4, 'Cepat', 3),
(2708, 195, 7, 'Mampu', 3),
(2709, 196, 5, 'Murah', 3),
(2710, 195, 8, 'Baik', 3),
(2711, 196, 6, 'Memuaskan', 3),
(2712, 195, 9, 'Memuaskan', 3),
(2713, 196, 7, 'Mampu', 3),
(2714, 195, 10, 'Baik', 3),
(2715, 196, 8, 'Baik', 3),
(2716, 195, 11, 'semua sudah bagus tinggal dipertahankan saja', 0),
(2717, 196, 9, 'Memuaskan', 3),
(2718, 195, 12, '60', 0),
(2719, 196, 10, 'Baik', 3),
(2720, 195, 13, 'SLTA', 0),
(2721, 196, 11, 'Agar petugas yang melayani pengaduan perlu ditambah agar pelayanan bisa semakin cepat', 0),
(2722, 195, 14, 'Wiraswasta/Usahawan', 0),
(2723, 196, 12, '40', 0),
(2724, 196, 13, 'Sarjana (S1)', 0),
(2725, 196, 14, 'Pegawai Swasta', 0),
(2726, 197, 1, 'Laki-laki', 0),
(2727, 197, 2, 'Mudah', 3),
(2728, 197, 3, 'Baik', 3),
(2729, 197, 4, 'Sangat Cepat', 4),
(2730, 197, 5, 'Cukup Murah', 2),
(2731, 197, 6, 'Memuaskan', 3),
(2732, 197, 7, 'Mampu', 3),
(2733, 197, 8, 'Baik', 3),
(2734, 197, 9, 'Memuaskan', 3),
(2735, 197, 10, 'Baik', 3),
(2736, 197, 11, '-', 0),
(2737, 197, 12, '60', 0),
(2738, 197, 13, 'SMP/SLTP', 0),
(2739, 197, 14, 'Pedagang', 0),
(2740, 198, 1, 'Laki-laki', 0),
(2741, 198, 2, 'Sangat Mudah', 4),
(2742, 198, 3, 'Sangat Baik', 4),
(2743, 198, 4, 'Cepat', 3),
(2744, 198, 5, 'Tidak dipungut biaya', 4),
(2745, 198, 6, 'Memuaskan', 3),
(2746, 198, 7, 'Mampu', 3),
(2747, 198, 8, 'Sangat baik', 4),
(2748, 198, 9, 'Sangat Memuaskan', 4),
(2749, 198, 10, 'Baik', 3),
(2750, 198, 12, '30', 0),
(2751, 198, 13, 'SLTA', 0),
(2752, 198, 14, 'TNI/Polri', 0),
(2753, 199, 1, 'Laki-laki', 0),
(2754, 199, 2, 'Mudah', 3),
(2755, 199, 3, 'Baik', 3),
(2756, 199, 4, 'Cepat', 3),
(2757, 199, 5, 'Tidak dipungut biaya', 4),
(2758, 199, 6, 'Memuaskan', 3),
(2759, 199, 7, 'Mampu', 3),
(2760, 199, 8, 'Baik', 3),
(2761, 199, 9, 'Memuaskan', 3),
(2762, 199, 10, 'Baik', 3),
(2763, 199, 11, 'dipertahankan dan ditingkatkan lagi', 0),
(2764, 199, 12, '22', 0),
(2765, 199, 13, 'SLTA', 0),
(2766, 199, 14, 'Wiraswasta/Usahawan', 0),
(2767, 200, 1, 'Laki-laki', 0),
(2768, 200, 2, 'Mudah', 3),
(2769, 200, 3, 'Baik', 3),
(2770, 200, 4, 'Cepat', 3),
(2771, 200, 5, 'Tidak dipungut biaya', 4),
(2772, 200, 6, 'Memuaskan', 3),
(2773, 200, 7, 'Mampu', 3),
(2774, 200, 8, 'Baik', 3),
(2775, 200, 9, 'Memuaskan', 3),
(2776, 200, 10, 'Baik', 3),
(2777, 200, 12, '35', 0),
(2778, 200, 13, 'SLTA', 0),
(2779, 200, 14, 'TNI/Polri', 0),
(2780, 201, 1, 'Laki-laki', 0),
(2781, 201, 2, 'Mudah', 3),
(2782, 201, 3, 'Baik', 3),
(2783, 201, 4, 'Cepat', 3),
(2784, 201, 5, 'Murah', 3),
(2785, 201, 6, 'Memuaskan', 3),
(2786, 201, 7, 'Mampu', 3),
(2787, 201, 8, 'Baik', 3),
(2788, 201, 9, 'Memuaskan', 3),
(2789, 201, 10, 'Baik', 3),
(2790, 201, 11, '-', 0),
(2791, 201, 12, '18', 0),
(2792, 201, 13, 'SLTA', 0),
(2793, 201, 14, 'TNI/Polri', 0),
(2794, 202, 1, 'Laki-laki', 0),
(2795, 202, 2, 'Mudah', 3),
(2796, 202, 3, 'Baik', 3),
(2797, 202, 4, 'Cepat', 3),
(2798, 202, 5, 'Murah', 3),
(2799, 202, 6, 'Memuaskan', 3),
(2800, 202, 7, 'Mampu', 3),
(2801, 202, 8, 'Baik', 3),
(2802, 202, 9, 'Memuaskan', 3),
(2803, 202, 10, 'Baik', 3),
(2804, 202, 12, '35', 0),
(2805, 202, 13, 'Sarjana (S1)', 0),
(2806, 202, 14, 'Pegawai Swasta', 0),
(2807, 203, 1, 'Laki-laki', 0),
(2808, 203, 2, 'Mudah', 3),
(2809, 203, 3, 'Baik', 3),
(2810, 203, 4, 'Cepat', 3),
(2811, 203, 5, 'Murah', 3),
(2812, 203, 6, 'Memuaskan', 3),
(2813, 203, 7, 'Mampu', 3),
(2814, 203, 8, 'Baik', 3),
(2815, 203, 9, 'Memuaskan', 3),
(2816, 203, 10, 'Baik', 3),
(2817, 203, 11, '-', 0),
(2818, 203, 12, '55', 0),
(2819, 203, 13, 'SLTA', 0),
(2820, 203, 14, 'Wiraswasta/Usahawan', 0),
(2821, 204, 1, 'Laki-laki', 0),
(2822, 204, 2, 'Mudah', 3),
(2823, 204, 3, 'Cukup Baik', 2),
(2824, 204, 4, 'Cepat', 3),
(2825, 204, 5, 'Tidak dipungut biaya', 4),
(2826, 204, 6, 'Cukup Memuaskan', 2),
(2827, 204, 7, 'Mampu', 3),
(2828, 204, 8, 'Baik', 3),
(2829, 204, 9, 'Memuaskan', 3),
(2830, 204, 10, 'Baik', 3),
(2831, 204, 11, 'sudah bagus semua', 0),
(2832, 204, 12, '27', 0),
(2833, 204, 13, 'SLTA', 0),
(2834, 204, 14, 'TNI/Polri', 0),
(2835, 205, 1, 'Laki-laki', 0),
(2836, 205, 2, 'Mudah', 3),
(2837, 205, 3, 'Baik', 3),
(2838, 205, 4, 'Cepat', 3),
(2839, 205, 5, 'Tidak dipungut biaya', 4),
(2840, 205, 6, 'Memuaskan', 3),
(2841, 205, 7, 'Mampu', 3),
(2842, 205, 8, 'Baik', 3),
(2843, 205, 9, 'Memuaskan', 3),
(2844, 205, 10, 'Baik', 3),
(2845, 205, 12, '35', 0),
(2846, 205, 13, 'Sarjana (S1)', 0),
(2847, 205, 14, 'Pegawai Swasta', 0),
(2848, 206, 1, 'Laki-laki', 0),
(2849, 206, 2, 'Mudah', 3),
(2850, 206, 3, 'Baik', 3),
(2851, 206, 4, 'Cepat', 3),
(2852, 206, 5, 'Murah', 3),
(2853, 206, 6, 'Memuaskan', 3),
(2854, 206, 7, 'Mampu', 3),
(2855, 206, 8, 'Baik', 3),
(2856, 206, 9, 'Memuaskan', 3),
(2857, 206, 10, 'Baik', 3),
(2858, 206, 11, '-', 0),
(2859, 206, 12, '32', 0),
(2860, 206, 13, 'SLTA', 0),
(2861, 206, 14, 'TNI/Polri', 0),
(2862, 207, 1, 'Laki-laki', 0),
(2863, 207, 2, 'Mudah', 3),
(2864, 207, 3, 'Baik', 3),
(2865, 207, 4, 'Cepat', 3),
(2866, 207, 5, 'Tidak dipungut biaya', 4),
(2867, 207, 6, 'Memuaskan', 3),
(2868, 207, 7, 'Mampu', 3),
(2869, 207, 8, 'Baik', 3),
(2870, 207, 9, 'Memuaskan', 3),
(2871, 207, 10, 'Baik', 3),
(2872, 207, 11, 'Perlu ditingkatkan kebersihan kantor', 0),
(2873, 207, 12, '29', 0),
(2874, 207, 13, 'SLTA', 0),
(2875, 207, 14, 'TNI/Polri', 0),
(2876, 208, 1, 'Laki-laki', 0),
(2877, 208, 2, 'Mudah', 3),
(2878, 208, 3, 'Baik', 3),
(2879, 208, 4, 'Cepat', 3),
(2880, 208, 5, 'Tidak dipungut biaya', 4),
(2881, 208, 6, 'Memuaskan', 3),
(2882, 208, 7, 'Mampu', 3),
(2883, 208, 8, 'Baik', 3),
(2884, 208, 9, 'Memuaskan', 3),
(2885, 208, 10, 'Baik', 3),
(2886, 208, 11, 'dipertahankan', 0),
(2887, 208, 12, '43', 0),
(2888, 208, 13, 'SLTA', 0),
(2889, 208, 14, 'TNI/Polri', 0),
(2890, 209, 1, 'Perempuan', 0),
(2891, 209, 2, 'Mudah', 3),
(2892, 209, 3, 'Baik', 3),
(2893, 209, 4, 'Cepat', 3),
(2894, 209, 5, 'Tidak dipungut biaya', 4),
(2895, 209, 6, 'Memuaskan', 3),
(2896, 209, 7, 'Mampu', 3),
(2897, 209, 8, 'Baik', 3),
(2898, 209, 9, 'Memuaskan', 3),
(2899, 209, 10, 'Baik', 3),
(2900, 209, 12, '40', 0),
(2901, 209, 13, 'Sarjana (S1)', 0),
(2902, 209, 14, 'TNI/Polri', 0),
(2903, 210, 1, 'Laki-laki', 0),
(2904, 210, 2, 'Mudah', 3),
(2905, 210, 3, 'Baik', 3),
(2906, 210, 4, 'Cepat', 3),
(2907, 210, 5, 'Tidak dipungut biaya', 4),
(2908, 210, 6, 'Memuaskan', 3),
(2909, 210, 7, 'Mampu', 3),
(2910, 210, 8, 'Baik', 3),
(2911, 210, 9, 'Memuaskan', 3),
(2912, 210, 10, 'Baik', 3),
(2913, 210, 12, '34', 0),
(2914, 210, 13, 'SLTA', 0),
(2915, 210, 14, 'Pegawai Swasta', 0),
(2916, 211, 1, 'Perempuan', 0),
(2917, 211, 2, 'Mudah', 3),
(2918, 211, 3, 'Cukup Baik', 2),
(2919, 211, 4, 'Cepat', 3),
(2920, 211, 5, 'Tidak dipungut biaya', 4),
(2921, 211, 6, 'Memuaskan', 3),
(2922, 211, 7, 'Mampu', 3),
(2923, 211, 8, 'Baik', 3),
(2924, 211, 9, 'Memuaskan', 3),
(2925, 211, 10, 'Baik', 3),
(2926, 211, 12, '40', 0),
(2927, 211, 13, 'Diploma (D1/D2/D3/D4)', 0),
(2928, 211, 14, 'Petani/Nelayan', 0),
(2929, 212, 1, 'Perempuan', 0),
(2930, 212, 2, 'Mudah', 3),
(2931, 212, 3, 'Baik', 3),
(2932, 212, 4, 'Cepat', 3),
(2933, 212, 5, 'Murah', 3),
(2934, 212, 6, 'Memuaskan', 3),
(2935, 212, 7, 'Mampu', 3),
(2936, 212, 8, 'Baik', 3),
(2937, 212, 9, 'Memuaskan', 3),
(2938, 212, 10, 'Baik', 3),
(2939, 212, 12, '23', 0),
(2940, 212, 13, 'SLTA', 0),
(2941, 212, 14, 'Pegawai Swasta', 0),
(2942, 213, 1, 'Laki-laki', 0),
(2943, 213, 2, 'Mudah', 3),
(2944, 213, 3, 'Sangat Baik', 4),
(2945, 213, 4, 'Cepat', 3),
(2946, 213, 5, 'Tidak dipungut biaya', 4),
(2947, 213, 6, 'Memuaskan', 3),
(2948, 213, 7, 'Sangat Mampu', 4),
(2949, 213, 8, 'Sangat baik', 4),
(2950, 213, 9, 'Sangat Memuaskan', 4),
(2951, 213, 10, 'Sangat Baik', 4),
(2952, 213, 11, '-', 0),
(2953, 213, 12, '39', 0),
(2954, 213, 13, 'Pasca Sarjana (S2/S3)', 0),
(2955, 213, 14, 'TNI/Polri', 0),
(2956, 214, 1, 'Perempuan', 0),
(2957, 214, 2, 'Mudah', 3),
(2958, 214, 3, 'Baik', 3),
(2959, 214, 4, 'Cepat', 3),
(2960, 214, 5, 'Murah', 3),
(2961, 214, 6, 'Memuaskan', 3),
(2962, 214, 7, 'Mampu', 3),
(2963, 214, 8, 'Baik', 3),
(2964, 214, 9, 'Memuaskan', 3),
(2965, 214, 10, 'Baik', 3),
(2966, 214, 12, '20', 0),
(2967, 214, 13, 'Sarjana (S1)', 0),
(2968, 214, 14, 'Pelajar/Mahasiswa', 0),
(2969, 215, 1, 'Perempuan', 0),
(2970, 215, 2, 'Mudah', 3),
(2971, 215, 3, 'Baik', 3),
(2972, 215, 4, 'Cukup Cepat', 2),
(2973, 215, 5, 'Tidak dipungut biaya', 4),
(2974, 215, 6, 'Memuaskan', 3),
(2975, 215, 7, 'Mampu', 3),
(2976, 215, 8, 'Baik', 3),
(2977, 215, 9, 'Memuaskan', 3),
(2978, 215, 10, 'Baik', 3),
(2979, 215, 12, '19', 0),
(2980, 215, 13, 'SLTA', 0),
(2981, 215, 14, 'Pelajar/Mahasiswa', 0),
(2982, 216, 1, 'Perempuan', 0),
(2983, 216, 2, 'Sangat Mudah', 4),
(2984, 216, 3, 'Baik', 3),
(2985, 216, 4, 'Cukup Cepat', 2),
(2986, 216, 5, 'Tidak dipungut biaya', 4),
(2987, 216, 6, 'Memuaskan', 3),
(2988, 216, 7, 'Sangat Mampu', 4),
(2989, 216, 8, 'Baik', 3),
(2990, 216, 9, 'Memuaskan', 3),
(2991, 216, 10, 'Baik', 3),
(2992, 216, 12, '20', 0),
(2993, 216, 13, 'SLTA', 0),
(2994, 216, 14, 'Pelajar/Mahasiswa', 0),
(2995, 217, 1, 'Perempuan', 0),
(2996, 217, 2, 'Sangat Mudah', 4),
(2997, 217, 3, 'Sangat Baik', 4),
(2998, 217, 4, 'Sangat Cepat', 4),
(2999, 217, 5, 'Tidak dipungut biaya', 4),
(3000, 217, 6, 'Sangat Memuaskan', 4),
(3001, 217, 7, 'Sangat Mampu', 4),
(3002, 217, 8, 'Sangat baik', 4),
(3003, 217, 9, 'Sangat Memuaskan', 4),
(3004, 217, 10, 'Sangat Baik', 4),
(3005, 217, 11, 'semoga kedepannya tetap baik.', 0),
(3006, 217, 12, '19', 0),
(3007, 217, 13, 'SLTA', 0),
(3008, 217, 14, 'Pelajar/Mahasiswa', 0),
(3009, 218, 1, 'Perempuan', 0),
(3010, 218, 2, 'Sangat Mudah', 4),
(3011, 218, 3, 'Sangat Baik', 4),
(3012, 218, 4, 'Sangat Cepat', 4),
(3013, 218, 5, 'Tidak dipungut biaya', 4),
(3014, 218, 6, 'Sangat Memuaskan', 4),
(3015, 218, 7, 'Mampu', 3),
(3016, 218, 8, 'Sangat baik', 4),
(3017, 218, 9, 'Memuaskan', 3),
(3018, 218, 10, 'Baik', 3),
(3019, 218, 11, 'bagus sudah semuanya mantap jiwa', 0),
(3020, 218, 12, '20', 0),
(3021, 218, 13, 'SLTA', 0),
(3022, 218, 14, 'Pelajar/Mahasiswa', 0),
(3023, 219, 1, 'Laki-laki', 0),
(3024, 219, 2, 'Sangat Mudah', 4),
(3025, 219, 3, 'Sangat Baik', 4),
(3026, 219, 4, 'Sangat Cepat', 4),
(3027, 219, 5, 'Tidak dipungut biaya', 4),
(3028, 219, 6, 'Sangat Memuaskan', 4),
(3029, 219, 7, 'Sangat Mampu', 4),
(3030, 219, 8, 'Sangat baik', 4),
(3031, 219, 9, 'Sangat Memuaskan', 4),
(3032, 219, 10, 'Sangat Baik', 4),
(3033, 219, 11, 'bravo tni', 0),
(3034, 219, 12, '20', 0),
(3035, 219, 13, 'SLTA', 0),
(3036, 219, 14, 'Pelajar/Mahasiswa', 0),
(3037, 220, 1, 'Perempuan', 0),
(3038, 220, 2, 'Sangat Mudah', 4),
(3039, 220, 3, 'Sangat Baik', 4),
(3040, 220, 4, 'Sangat Cepat', 4),
(3041, 220, 5, 'Tidak dipungut biaya', 4),
(3042, 220, 6, 'Sangat Memuaskan', 4),
(3043, 220, 7, 'Sangat Mampu', 4),
(3044, 220, 8, 'Sangat baik', 4),
(3045, 220, 9, 'Sangat Memuaskan', 4),
(3046, 220, 10, 'Sangat Baik', 4),
(3047, 220, 11, 'pertahankan keramahan untuk pengunjung', 0),
(3048, 220, 12, '19', 0),
(3049, 220, 13, 'SLTA', 0),
(3050, 220, 14, 'Pelajar/Mahasiswa', 0),
(3051, 221, 1, 'Perempuan', 0),
(3052, 221, 2, 'Sangat Mudah', 4),
(3053, 221, 3, 'Sangat Baik', 4),
(3054, 221, 4, 'Sangat Cepat', 4),
(3055, 221, 5, 'Tidak dipungut biaya', 4),
(3056, 221, 6, 'Sangat Memuaskan', 4),
(3057, 221, 7, 'Sangat Mampu', 4),
(3058, 221, 8, 'Sangat baik', 4),
(3059, 221, 9, 'Sangat Memuaskan', 4),
(3060, 221, 10, 'Sangat Baik', 4),
(3061, 221, 11, 'menambah jumlah tempat duduk tamu', 0),
(3062, 221, 12, '20', 0),
(3063, 221, 13, 'SLTA', 0),
(3064, 221, 14, 'Pelajar/Mahasiswa', 0),
(3065, 222, 1, 'Perempuan', 0),
(3066, 222, 2, 'Mudah', 3),
(3067, 222, 3, 'Baik', 3),
(3068, 222, 4, 'Cepat', 3),
(3069, 222, 5, 'Tidak dipungut biaya', 4),
(3070, 222, 6, 'Memuaskan', 3),
(3071, 222, 7, 'Sangat Mampu', 4),
(3072, 222, 8, 'Sangat baik', 4),
(3073, 222, 9, 'Memuaskan', 3),
(3074, 222, 10, 'Sangat Baik', 4),
(3075, 222, 11, 'sudah baik dan menurut saya harus dipertahankan juga ditingkatkan', 0),
(3076, 222, 12, '20', 0),
(3077, 222, 13, 'SLTA', 0),
(3078, 222, 14, 'Pelajar/Mahasiswa', 0),
(3079, 223, 1, 'Perempuan', 0),
(3080, 223, 2, 'Sangat Mudah', 4),
(3081, 223, 3, 'Sangat Baik', 4),
(3082, 223, 4, 'Sangat Cepat', 4),
(3083, 223, 5, 'Tidak dipungut biaya', 4),
(3084, 223, 6, 'Sangat Memuaskan', 4),
(3085, 223, 7, 'Sangat Mampu', 4),
(3086, 223, 8, 'Sangat baik', 4),
(3087, 223, 9, 'Sangat Memuaskan', 4),
(3088, 223, 10, 'Baik', 3),
(3089, 223, 11, 'secara pelayanan sudah baik, dari segi fasilitas untuk tempat duduk tamu mohon ditambah ya. terima kasih :)', 0),
(3090, 223, 12, '21', 0),
(3091, 223, 13, 'SLTA', 0),
(3092, 223, 14, 'Pelajar/Mahasiswa', 0),
(3093, 224, 1, 'Perempuan', 0),
(3094, 224, 2, 'Cukup Mudah', 2),
(3095, 224, 3, 'Cukup Baik', 2),
(3096, 224, 4, 'Cukup Cepat', 2),
(3097, 224, 5, 'Cukup Murah', 2),
(3098, 224, 6, 'Cukup Memuaskan', 2),
(3099, 224, 7, 'Mampu', 3),
(3100, 224, 8, 'Cukup Baik', 2),
(3101, 224, 9, 'Cukup Memuaskan', 2),
(3102, 224, 10, 'Cukup Baik', 2),
(3103, 224, 11, 'fasilitas untuk tempat penerimaan tamu mohon untuk lebih di perbagus dan perbanyak tempat duduk. terimakasih :)', 0),
(3104, 224, 12, '18', 0),
(3105, 224, 13, 'SLTA', 0),
(3106, 224, 14, 'Pelajar/Mahasiswa', 0),
(3107, 225, 1, 'Perempuan', 0),
(3108, 225, 2, 'Sangat Mudah', 4),
(3109, 225, 3, 'Baik', 3),
(3110, 225, 4, 'Sangat Cepat', 4),
(3111, 225, 5, 'Tidak dipungut biaya', 4),
(3112, 225, 6, 'Memuaskan', 3),
(3113, 225, 7, 'Sangat Mampu', 4),
(3114, 225, 8, 'Sangat baik', 4),
(3115, 225, 9, 'Memuaskan', 3),
(3116, 225, 10, 'Sangat Baik', 4),
(3117, 225, 11, 'secara pelayanan baik, namun untuk fasilitas tamu kurang memadai', 0),
(3118, 225, 12, '19', 0),
(3119, 225, 13, 'SLTA', 0),
(3120, 225, 14, 'Pelajar/Mahasiswa', 0),
(3121, 226, 1, 'Perempuan', 0),
(3122, 226, 2, 'Cukup Mudah', 2),
(3123, 226, 3, 'Baik', 3),
(3124, 226, 4, 'Cukup Cepat', 2),
(3125, 226, 5, 'Cukup Murah', 2),
(3126, 226, 6, 'Memuaskan', 3),
(3127, 226, 7, 'Mampu', 3),
(3128, 226, 8, 'Sangat baik', 4),
(3129, 226, 9, 'Memuaskan', 3),
(3130, 226, 10, 'Baik', 3),
(3131, 226, 11, 'kurangnya fasilitas tempat duduk untuk tamu', 0),
(3132, 226, 12, '19', 0),
(3133, 226, 13, 'SLTA', 0),
(3134, 226, 14, 'Pelajar/Mahasiswa', 0),
(3135, 227, 1, 'Laki-laki', 0),
(3136, 227, 2, 'Mudah', 3),
(3137, 227, 3, 'Baik', 3),
(3138, 227, 4, 'Cepat', 3),
(3139, 227, 5, 'Tidak dipungut biaya', 4),
(3140, 227, 6, 'Memuaskan', 3),
(3141, 227, 7, 'Sangat Mampu', 4),
(3142, 227, 8, 'Sangat baik', 4),
(3143, 227, 9, 'Sangat Memuaskan', 4),
(3144, 227, 10, 'Sangat Baik', 4),
(3145, 227, 11, 'cukup baik baik dalam segi admistratif maupun lainnya sarannya mungkin hanya lebih ditingkatkan saja', 0),
(3146, 227, 12, '19', 0),
(3147, 227, 13, 'SLTA', 0),
(3148, 227, 14, 'Pelajar/Mahasiswa', 0),
(3149, 228, 1, 'Laki-laki', 0),
(3150, 228, 2, 'Sangat Mudah', 4),
(3151, 228, 3, 'Sangat Baik', 4),
(3152, 228, 4, 'Sangat Cepat', 4),
(3153, 228, 5, 'Tidak dipungut biaya', 4),
(3154, 228, 6, 'Sangat Memuaskan', 4),
(3155, 228, 7, 'Sangat Mampu', 4),
(3156, 228, 8, 'Sangat baik', 4),
(3157, 228, 9, 'Sangat Memuaskan', 4),
(3158, 228, 10, 'Sangat Baik', 4),
(3159, 228, 11, 'cukup baik tidak ada nkendala', 0),
(3160, 228, 12, '19', 0),
(3161, 228, 13, 'SLTA', 0),
(3162, 228, 14, 'Pelajar/Mahasiswa', 0),
(3163, 229, 1, 'Laki-laki', 0),
(3164, 229, 2, 'Mudah', 3),
(3165, 229, 3, 'Baik', 3),
(3166, 229, 4, 'Cepat', 3),
(3167, 229, 5, 'Murah', 3),
(3168, 229, 6, 'Memuaskan', 3),
(3169, 229, 7, 'Mampu', 3),
(3170, 229, 8, 'Baik', 3),
(3171, 229, 9, 'Memuaskan', 3),
(3172, 229, 10, 'Baik', 3),
(3173, 229, 12, '18', 0),
(3174, 229, 13, 'SLTA', 0),
(3175, 229, 14, 'Pelajar/Mahasiswa', 0),
(3176, 230, 1, 'Perempuan', 0),
(3177, 230, 2, 'Mudah', 3),
(3178, 230, 3, 'Baik', 3),
(3179, 230, 4, 'Cepat', 3),
(3180, 230, 5, 'Murah', 3),
(3181, 230, 6, 'Memuaskan', 3),
(3182, 230, 7, 'Mampu', 3),
(3183, 230, 8, 'Baik', 3),
(3184, 230, 9, 'Memuaskan', 3),
(3185, 230, 10, 'Baik', 3),
(3186, 230, 12, '18', 0),
(3187, 230, 13, 'SLTA', 0),
(3188, 230, 14, 'Pelajar/Mahasiswa', 0),
(3189, 231, 1, 'Perempuan', 0),
(3190, 231, 2, 'Mudah', 3),
(3191, 231, 3, 'Baik', 3),
(3192, 231, 4, 'Cepat', 3),
(3193, 231, 5, 'Tidak dipungut biaya', 4),
(3194, 231, 6, 'Memuaskan', 3),
(3195, 231, 7, 'Sangat Mampu', 4),
(3196, 231, 8, 'Sangat baik', 4),
(3197, 231, 9, 'Memuaskan', 3),
(3198, 231, 10, 'Cukup Baik', 2),
(3199, 231, 12, '20', 0),
(3200, 231, 13, 'SLTA', 0),
(3201, 231, 14, 'Pelajar/Mahasiswa', 0),
(3202, 232, 1, 'Laki-laki', 0),
(3203, 232, 2, 'Sangat Mudah', 4),
(3204, 232, 3, 'Sangat Baik', 4),
(3205, 232, 4, 'Cepat', 3),
(3206, 232, 5, 'Cukup Murah', 2),
(3207, 232, 6, 'Memuaskan', 3),
(3208, 232, 7, 'Mampu', 3),
(3209, 232, 8, 'Baik', 3),
(3210, 232, 9, 'Memuaskan', 3),
(3211, 232, 10, 'Baik', 3),
(3212, 232, 12, '30', 0),
(3213, 232, 13, 'SMP/SLTP', 0),
(3214, 232, 14, 'Lainnya', 0),
(3215, 233, 1, 'Laki-laki', 0),
(3216, 233, 2, 'Sangat Mudah', 4),
(3217, 233, 3, 'Sangat Baik', 4),
(3218, 233, 4, 'Sangat Cepat', 4),
(3219, 233, 5, 'Tidak dipungut biaya', 4),
(3220, 233, 6, 'Sangat Memuaskan', 4),
(3221, 233, 7, 'Sangat Mampu', 4),
(3222, 233, 8, 'Sangat baik', 4),
(3223, 233, 9, 'Sangat Memuaskan', 4),
(3224, 233, 10, 'Sangat Baik', 4),
(3225, 233, 11, 'BRAVO TNI', 0),
(3226, 233, 12, '21', 0),
(3227, 233, 13, 'Sarjana (S1)', 0),
(3228, 233, 14, 'Pelajar/Mahasiswa', 0),
(3229, 234, 1, 'Laki-laki', 0),
(3230, 234, 2, 'Sangat Mudah', 4),
(3231, 234, 3, 'Sangat Baik', 4),
(3232, 234, 4, 'Sangat Cepat', 4),
(3233, 234, 5, 'Tidak dipungut biaya', 4),
(3234, 234, 6, 'Sangat Memuaskan', 4);
INSERT INTO `data_jawaban` (`id`, `id_data`, `id_pertanyaan`, `jawaban`, `bobot`) VALUES
(3235, 234, 7, 'Sangat Mampu', 4),
(3236, 234, 8, 'Sangat baik', 4),
(3237, 234, 9, 'Sangat Memuaskan', 4),
(3238, 234, 10, 'Sangat Baik', 4),
(3239, 234, 12, '22', 0),
(3240, 234, 13, 'SLTA', 0),
(3241, 234, 14, 'Pelajar/Mahasiswa', 0),
(3242, 235, 1, 'Laki-laki', 0),
(3243, 235, 2, 'Cukup Mudah', 2),
(3244, 235, 3, 'Baik', 3),
(3245, 235, 4, 'Cepat', 3),
(3246, 235, 5, 'Tidak dipungut biaya', 4),
(3247, 235, 6, 'Memuaskan', 3),
(3248, 235, 7, 'Sangat Mampu', 4),
(3249, 235, 8, 'Cukup Baik', 2),
(3250, 235, 9, 'Sangat Memuaskan', 4),
(3251, 235, 10, 'Baik', 3),
(3252, 235, 11, 'saya kira cukup baik, perlu di tingkatkan lagi pelayanannya yaa', 0),
(3253, 235, 12, '22', 0),
(3254, 235, 13, 'Sarjana (S1)', 0),
(3255, 235, 14, 'Pelajar/Mahasiswa', 0),
(3256, 236, 1, 'Laki-laki', 0),
(3257, 236, 2, 'Mudah', 3),
(3258, 236, 3, 'Baik', 3),
(3259, 236, 4, 'Cepat', 3),
(3260, 236, 5, 'Cukup Murah', 2),
(3261, 236, 6, 'Memuaskan', 3),
(3262, 236, 7, 'Mampu', 3),
(3263, 236, 8, 'Baik', 3),
(3264, 236, 9, 'Memuaskan', 3),
(3265, 236, 10, 'Baik', 3),
(3266, 236, 11, 'toilet masih harus diperbaiki lagi.. terimakasi', 0),
(3267, 236, 12, '22', 0),
(3268, 236, 13, 'Sarjana (S1)', 0),
(3269, 236, 14, 'Pelajar/Mahasiswa', 0),
(3270, 237, 1, 'Laki-laki', 0),
(3271, 237, 2, 'Cukup Mudah', 2),
(3272, 237, 3, 'Cukup Baik', 2),
(3273, 237, 4, 'Cepat', 3),
(3274, 237, 5, 'Tidak dipungut biaya', 4),
(3275, 237, 6, 'Memuaskan', 3),
(3276, 237, 7, 'Mampu', 3),
(3277, 237, 8, 'Sangat baik', 4),
(3278, 237, 9, 'Sangat Memuaskan', 4),
(3279, 237, 10, 'Sangat Baik', 4),
(3280, 237, 11, 'pertahankan kinerja untuk mencapai kebenaran', 0),
(3281, 237, 12, '47', 0),
(3282, 237, 13, 'SLTA', 0),
(3283, 237, 14, 'TNI/Polri', 0),
(3284, 238, 1, 'Laki-laki', 0),
(3285, 238, 2, 'Sangat Mudah', 4),
(3286, 238, 3, 'Baik', 3),
(3287, 238, 4, 'Cepat', 3),
(3288, 238, 5, 'Tidak dipungut biaya', 4),
(3289, 238, 6, 'Sangat Memuaskan', 4),
(3290, 238, 7, 'Sangat Mampu', 4),
(3291, 238, 8, 'Baik', 3),
(3292, 238, 9, 'Memuaskan', 3),
(3293, 238, 10, 'Sangat Baik', 4),
(3294, 238, 11, 'lanjutkan dan tingkatkan', 0),
(3295, 238, 12, '59 tahun', 0),
(3296, 238, 13, 'Pasca Sarjana (S2/S3)', 0),
(3297, 238, 14, 'PNS', 0),
(3298, 239, 1, 'Laki-laki', 0),
(3299, 239, 2, 'Mudah', 3),
(3300, 239, 3, 'Baik', 3),
(3301, 239, 4, 'Cepat', 3),
(3302, 239, 5, 'Murah', 3),
(3303, 239, 6, 'Memuaskan', 3),
(3304, 239, 7, 'Mampu', 3),
(3305, 239, 8, 'Baik', 3),
(3306, 239, 9, 'Memuaskan', 3),
(3307, 239, 10, 'Baik', 3),
(3308, 239, 11, 'kedepan lebih baik lagi', 0),
(3309, 239, 12, '40', 0),
(3310, 239, 13, 'SLTA', 0),
(3311, 239, 14, 'TNI/Polri', 0),
(3312, 240, 1, 'Laki-laki', 0),
(3313, 240, 2, 'Mudah', 3),
(3314, 240, 3, 'Baik', 3),
(3315, 240, 4, 'Cepat', 3),
(3316, 240, 5, 'Murah', 3),
(3317, 240, 6, 'Sangat Memuaskan', 4),
(3318, 240, 7, 'Mampu', 3),
(3319, 240, 8, 'Baik', 3),
(3320, 240, 9, 'Memuaskan', 3),
(3321, 240, 10, 'Baik', 3),
(3322, 240, 11, 'yqng sudah baik dipertahankan yang belum baik diperbaiki', 0),
(3323, 240, 12, '50', 0),
(3324, 240, 13, 'Sarjana (S1)', 0),
(3325, 240, 14, 'PNS', 0),
(3354, 243, 1, 'Perempuan', 0),
(3355, 243, 2, 'Mudah', 3),
(3356, 243, 3, 'Baik', 3),
(3357, 243, 4, 'Sangat Cepat', 4),
(3358, 243, 5, 'Murah', 3),
(3359, 243, 6, 'Memuaskan', 3),
(3360, 243, 7, 'Sangat Mampu', 4),
(3361, 243, 8, 'Sangat baik', 4),
(3362, 243, 9, 'Sangat Memuaskan', 4),
(3363, 243, 10, 'Baik', 3),
(3364, 243, 11, 'mohon ditimgkatkan', 0),
(3365, 243, 12, '36', 0),
(3366, 243, 13, 'Diploma (D1/D2/D3/D4)', 0),
(3367, 243, 14, 'Pegawai Swasta', 0),
(3368, 244, 1, 'Laki-laki', 0),
(3369, 244, 2, 'Sangat Mudah', 4),
(3370, 244, 3, 'Sangat Baik', 4),
(3371, 244, 4, 'Cepat', 3),
(3372, 244, 5, 'Tidak dipungut biaya', 4),
(3373, 244, 6, 'Sangat Memuaskan', 4),
(3374, 244, 7, 'Mampu', 3),
(3375, 244, 8, 'Baik', 3),
(3376, 244, 9, 'Sangat Memuaskan', 4),
(3377, 244, 10, 'Baik', 3),
(3378, 244, 11, 'diperbaiki biar ok', 0),
(3379, 244, 12, '60', 0),
(3380, 244, 13, 'Diploma (D1/D2/D3/D4)', 0),
(3381, 244, 14, 'PNS', 0),
(3382, 245, 1, 'Laki-laki', 0),
(3383, 245, 2, 'Mudah', 3),
(3384, 245, 3, 'Sangat Baik', 4),
(3385, 245, 4, 'Cepat', 3),
(3386, 245, 5, 'Kurang Murah', 2),
(3387, 245, 6, 'Memuaskan', 3),
(3388, 245, 7, 'Sangat Mampu', 4),
(3389, 245, 8, 'Baik', 3),
(3390, 245, 9, 'Sangat Memuaskan', 4),
(3391, 245, 10, 'Baik', 3),
(3392, 245, 11, 'baik dan bagus', 0),
(3393, 245, 12, '56', 0),
(3394, 245, 13, 'Sarjana (S1)', 0),
(3395, 245, 14, 'Petani/Nelayan', 0),
(3396, 246, 1, 'Laki-laki', 0),
(3397, 246, 2, 'Sangat Mudah', 4),
(3398, 246, 3, 'Baik', 3),
(3399, 246, 4, 'Cepat', 3),
(3400, 246, 5, 'Tidak dipungut biaya', 4),
(3401, 246, 6, 'Memuaskan', 3),
(3402, 246, 7, 'Sangat Mampu', 4),
(3403, 246, 8, 'Baik', 3),
(3404, 246, 9, 'Sangat Memuaskan', 4),
(3405, 246, 10, 'Baik', 3),
(3406, 246, 11, 'ditingkatkan', 0),
(3407, 246, 12, '34', 0),
(3408, 246, 13, 'SMP/SLTP', 0),
(3409, 246, 14, 'Pegawai Swasta', 0),
(3410, 247, 1, 'Laki-laki', 0),
(3411, 247, 2, 'Sangat Mudah', 4),
(3412, 247, 3, 'Baik', 3),
(3413, 247, 4, 'Cepat', 3),
(3414, 247, 5, 'Tidak dipungut biaya', 4),
(3415, 247, 6, 'Memuaskan', 3),
(3416, 247, 7, 'Mampu', 3),
(3417, 247, 8, 'Baik', 3),
(3418, 247, 9, 'Memuaskan', 3),
(3419, 247, 10, 'Baik', 3),
(3420, 247, 11, 'PELAYANAN MOHON LEBIH DITINGKATKAN LAGI', 0),
(3421, 247, 12, '24', 0),
(3422, 247, 13, 'SLTA', 0),
(3423, 247, 14, 'Pegawai Swasta', 0),
(3424, 248, 1, 'Laki-laki', 0),
(3425, 248, 2, 'Sangat Mudah', 4),
(3426, 248, 3, 'Sangat Baik', 4),
(3427, 248, 4, 'Sangat Cepat', 4),
(3428, 248, 5, 'Tidak dipungut biaya', 4),
(3429, 248, 6, 'Sangat Memuaskan', 4),
(3430, 248, 7, 'Sangat Mampu', 4),
(3431, 248, 8, 'Sangat baik', 4),
(3432, 248, 9, 'Sangat Memuaskan', 4),
(3433, 248, 10, 'Sangat Baik', 4),
(3434, 248, 11, '-', 0),
(3435, 248, 12, '45', 0),
(3436, 248, 13, 'SLTA', 0),
(3437, 248, 14, 'TNI/Polri', 0),
(3438, 249, 1, 'Laki-laki', 0),
(3439, 249, 2, 'Sangat Mudah', 4),
(3440, 249, 3, 'Sangat Baik', 4),
(3441, 249, 4, 'Sangat Cepat', 4),
(3442, 249, 5, 'Tidak dipungut biaya', 4),
(3443, 249, 6, 'Sangat Memuaskan', 4),
(3444, 249, 7, 'Sangat Mampu', 4),
(3445, 249, 8, 'Sangat baik', 4),
(3446, 249, 9, 'Sangat Memuaskan', 4),
(3447, 249, 10, 'Sangat Baik', 4),
(3448, 249, 11, 'Sudah bagus', 0),
(3449, 249, 12, '27', 0),
(3450, 249, 13, 'SLTA', 0),
(3451, 249, 14, 'TNI/Polri', 0),
(3452, 250, 1, 'Laki-laki', 0),
(3453, 250, 2, 'Sangat Mudah', 4),
(3454, 250, 3, 'Baik', 3),
(3455, 250, 4, 'Cepat', 3),
(3456, 250, 5, 'Murah', 3),
(3457, 250, 6, 'Sangat Memuaskan', 4),
(3458, 250, 7, 'Sangat Mampu', 4),
(3459, 250, 8, 'Sangat baik', 4),
(3460, 250, 9, 'Sangat Memuaskan', 4),
(3461, 250, 10, 'Sangat Baik', 4),
(3462, 250, 11, '-', 0),
(3463, 250, 12, '30', 0),
(3464, 250, 13, 'SLTA', 0),
(3465, 250, 14, 'TNI/Polri', 0),
(3466, 251, 1, 'Laki-laki', 0),
(3467, 251, 2, 'Sangat Mudah', 4),
(3468, 251, 3, 'Sangat Baik', 4),
(3469, 251, 4, 'Sangat Cepat', 4),
(3470, 251, 5, 'Tidak dipungut biaya', 4),
(3471, 251, 6, 'Memuaskan', 3),
(3472, 251, 7, 'Mampu', 3),
(3473, 251, 8, 'Baik', 3),
(3474, 251, 9, 'Sangat Memuaskan', 4),
(3475, 251, 10, 'Baik', 3),
(3476, 251, 11, 'Lebih ditingkatkan lagi', 0),
(3477, 251, 12, '40', 0),
(3478, 251, 13, 'SMP/SLTP', 0),
(3479, 251, 14, 'TNI/Polri', 0),
(3480, 252, 1, 'Laki-laki', 0),
(3481, 252, 2, 'Tidak Sesuai', 1),
(3482, 252, 3, 'Sangat Mudah', 4),
(3483, 252, 4, 'Sangat Cepat', 4),
(3484, 252, 5, 'Murah', 3),
(3485, 252, 6, 'Sesuai', 3),
(3486, 252, 7, 'Sangat Kompeten', 4),
(3487, 252, 8, 'Sangat sopan dan ramah', 4),
(3488, 252, 9, 'Baik', 3),
(3489, 252, 10, 'Diselesaikan dengan baik', 4),
(3490, 252, 11, 'oke -yosi', 0),
(3491, 252, 12, '23', 0),
(3492, 252, 13, 'SMP/SLTP', 0),
(3493, 252, 14, 'Wiraswasta/Usahawan', 0),
(3494, 253, 1, 'Laki-laki', 0),
(3495, 253, 2, 'Sangat Sesuai', 4),
(3496, 253, 3, 'Sangat Mudah', 4),
(3497, 253, 4, 'Sangat Cepat', 4),
(3498, 253, 5, 'Gratis', 4),
(3499, 253, 6, 'Sangat Sesuai', 4),
(3500, 253, 7, 'Kompeten', 3),
(3501, 253, 8, 'Sangat sopan dan ramah', 4),
(3502, 253, 9, 'Sangat Baik', 4),
(3503, 253, 10, 'Diselesaikan dengan baik', 4),
(3504, 253, 11, 'test', 0),
(3505, 253, 12, '24', 0),
(3506, 253, 13, 'SMP/SLTP', 0),
(3507, 253, 14, 'Petani/Nelayan', 0),
(3508, 254, 1, 'Laki-laki', 0),
(3509, 254, 2, 'Sesuai', 3),
(3510, 254, 3, 'Sangat Mudah', 4),
(3511, 254, 4, 'Cepat', 3),
(3512, 254, 5, 'Gratis', 4),
(3513, 254, 6, 'Sangat Sesuai', 4),
(3514, 254, 7, 'Sangat Kompeten', 4),
(3515, 254, 8, 'Sangat sopan dan ramah', 4),
(3516, 254, 9, 'Sangat Baik', 4),
(3517, 254, 10, 'Diselesaikan dengan baik', 4),
(3518, 254, 11, '-', 0),
(3519, 254, 12, '27', 0),
(3520, 254, 13, 'SLTA', 0),
(3521, 254, 14, 'TNI/Polri', 0),
(3522, 255, 1, 'Laki-laki', 0),
(3523, 255, 2, 'Sangat Sesuai', 4),
(3524, 255, 3, 'Sangat Mudah', 4),
(3525, 255, 4, 'Cepat', 3),
(3526, 255, 5, 'Gratis', 4),
(3527, 255, 6, 'Sangat Sesuai', 4),
(3528, 255, 7, 'Kompeten', 3),
(3529, 255, 8, 'Sopan dan ramah', 3),
(3530, 255, 9, 'Sangat Baik', 4),
(3531, 255, 10, 'Diselesaikan dengan baik', 4),
(3532, 255, 11, 'Terima kasih', 0),
(3533, 255, 12, '31', 0),
(3534, 255, 13, 'SLTA', 0),
(3535, 255, 14, 'TNI/Polri', 0),
(3536, 256, 1, 'Perempuan', 0),
(3537, 256, 2, 'Sesuai', 3),
(3538, 256, 3, 'Sangat Mudah', 4),
(3539, 256, 4, 'Kurang Cepat', 2),
(3540, 256, 5, 'Gratis', 4),
(3541, 256, 6, 'Sesuai', 3),
(3542, 256, 7, 'Kompeten', 3),
(3543, 256, 8, 'Sangat sopan dan ramah', 4),
(3544, 256, 9, 'Baik', 3),
(3545, 256, 10, 'Berfungsi kurang maksimal', 3),
(3546, 256, 11, '-', 0),
(3547, 256, 12, '37', 0),
(3548, 256, 13, 'SLTA', 0),
(3549, 256, 14, 'TNI/Polri', 0),
(3550, 257, 1, 'Perempuan', 0),
(3551, 257, 2, 'Sangat Sesuai', 4),
(3552, 257, 3, 'Sangat Mudah', 4),
(3553, 257, 4, 'Sangat Cepat', 4),
(3554, 257, 5, 'Gratis', 4),
(3555, 257, 6, 'Sangat Sesuai', 4),
(3556, 257, 7, 'Sangat Kompeten', 4),
(3557, 257, 8, 'Sangat sopan dan ramah', 4),
(3558, 257, 9, 'Sangat Baik', 4),
(3559, 257, 10, 'Diselesaikan dengan baik', 4),
(3560, 257, 11, '-', 0),
(3561, 257, 12, '38', 0),
(3562, 257, 13, 'Diploma (D1/D2/D3/D4)', 0),
(3563, 257, 14, 'Pegawai Swasta', 0),
(3564, 258, 1, 'Laki-laki', 0),
(3565, 258, 2, 'Sangat Sesuai', 4),
(3566, 258, 3, 'Sangat Mudah', 4),
(3567, 258, 4, 'Cepat', 3),
(3568, 258, 5, 'Gratis', 4),
(3569, 258, 6, 'Sesuai', 3),
(3570, 258, 7, 'Kompeten', 3),
(3571, 258, 8, 'Sopan dan ramah', 3),
(3572, 258, 9, 'Baik', 3),
(3573, 258, 10, 'Berfungsi kurang maksimal', 3),
(3574, 258, 11, '-', 0),
(3575, 258, 12, '28', 0),
(3576, 258, 13, 'SLTA', 0),
(3577, 258, 14, 'TNI/Polri', 0),
(3578, 259, 1, 'Laki-laki', 0),
(3579, 259, 2, 'Sangat Sesuai', 4),
(3580, 259, 3, 'Sangat Mudah', 4),
(3581, 259, 4, 'Cepat', 3),
(3582, 259, 5, 'Gratis', 4),
(3583, 259, 6, 'Sangat Sesuai', 4),
(3584, 259, 7, 'Kompeten', 3),
(3585, 259, 8, 'Sangat sopan dan ramah', 4),
(3586, 259, 9, 'Baik', 3),
(3587, 259, 10, 'Diselesaikan dengan baik', 4),
(3588, 259, 11, '-', 0),
(3589, 259, 12, '25', 0),
(3590, 259, 13, 'SLTA', 0),
(3591, 259, 14, 'TNI/Polri', 0),
(3592, 260, 1, 'Perempuan', 0),
(3593, 260, 2, 'Sangat Sesuai', 4),
(3594, 260, 3, 'Sangat Mudah', 4),
(3595, 260, 4, 'Sangat Cepat', 4),
(3596, 260, 5, 'Gratis', 4),
(3597, 260, 6, 'Sangat Sesuai', 4),
(3598, 260, 7, 'Sangat Kompeten', 4),
(3599, 260, 8, 'Sangat sopan dan ramah', 4),
(3600, 260, 9, 'Sangat Baik', 4),
(3601, 260, 10, 'Diselesaikan dengan baik', 4),
(3602, 260, 11, 'Terima kasih', 0),
(3603, 260, 12, '30', 0),
(3604, 260, 13, 'SLTA', 0),
(3605, 260, 14, 'TNI/Polri', 0),
(3606, 261, 1, 'Laki-laki', 0),
(3607, 261, 2, 'Sangat Sesuai', 4),
(3608, 261, 3, 'Sangat Mudah', 4),
(3609, 261, 4, 'Sangat Cepat', 4),
(3610, 261, 5, 'Gratis', 4),
(3611, 261, 6, 'Sangat Sesuai', 4),
(3612, 261, 7, 'Sangat Kompeten', 4),
(3613, 261, 8, 'Sangat sopan dan ramah', 4),
(3614, 261, 9, 'Sangat Baik', 4),
(3615, 261, 10, 'Diselesaikan dengan baik', 4),
(3616, 261, 11, '-', 0),
(3617, 261, 12, '26', 0),
(3618, 261, 13, 'SLTA', 0),
(3619, 261, 14, 'Pedagang', 0),
(3620, 262, 1, 'Perempuan', 0),
(3621, 262, 2, 'Sangat Sesuai', 4),
(3622, 262, 3, 'Sangat Mudah', 4),
(3623, 262, 4, 'Cepat', 3),
(3624, 262, 5, 'Gratis', 4),
(3625, 262, 6, 'Sangat Sesuai', 4),
(3626, 262, 7, 'Sangat Kompeten', 4),
(3627, 262, 8, 'Sangat sopan dan ramah', 4),
(3628, 262, 9, 'Baik', 3),
(3629, 262, 10, 'Diselesaikan dengan baik', 4),
(3630, 262, 11, '-', 0),
(3631, 262, 12, '37', 0),
(3632, 262, 13, 'SLTA', 0),
(3633, 262, 14, 'TNI/Polri', 0),
(3634, 263, 1, 'Laki-laki', 0),
(3635, 263, 2, 'Sesuai', 3),
(3636, 263, 3, 'Sangat Mudah', 4),
(3637, 263, 4, 'Sangat Cepat', 4),
(3638, 263, 5, 'Gratis', 4),
(3639, 263, 6, 'Sangat Sesuai', 4),
(3640, 263, 7, 'Kompeten', 3),
(3641, 263, 8, 'Sangat sopan dan ramah', 4),
(3642, 263, 9, 'Sangat Baik', 4),
(3643, 263, 10, 'Berfungsi kurang maksimal', 3),
(3644, 263, 11, '-', 0),
(3645, 263, 12, '39', 0),
(3646, 263, 13, 'Sarjana (S1)', 0),
(3647, 263, 14, 'Pegawai Swasta', 0),
(3648, 264, 1, 'Laki-laki', 0),
(3649, 264, 2, 'Sesuai', 3),
(3650, 264, 3, 'Sangat Mudah', 4),
(3651, 264, 4, 'Cepat', 3),
(3652, 264, 5, 'Gratis', 4),
(3653, 264, 6, 'Sangat Sesuai', 4),
(3654, 264, 7, 'Kompeten', 3),
(3655, 264, 8, 'Sangat sopan dan ramah', 4),
(3656, 264, 9, 'Baik', 3),
(3657, 264, 10, 'Diselesaikan dengan baik', 4),
(3658, 264, 11, 'Agar pelayanan lebih diperbaiki atau ditingkatkan lagi', 0),
(3659, 264, 12, '37', 0),
(3660, 264, 13, 'Sarjana (S1)', 0),
(3661, 264, 14, 'Pegawai Swasta', 0),
(3662, 265, 1, 'Perempuan', 0),
(3663, 265, 2, 'Sangat Sesuai', 4),
(3664, 265, 3, 'Sangat Mudah', 4),
(3665, 265, 4, 'Sangat Cepat', 4),
(3666, 265, 5, 'Gratis', 4),
(3667, 265, 6, 'Sangat Sesuai', 4),
(3668, 265, 7, 'Sangat Kompeten', 4),
(3669, 265, 8, 'Sangat sopan dan ramah', 4),
(3670, 265, 9, 'Sangat Baik', 4),
(3671, 265, 10, 'Diselesaikan dengan baik', 4),
(3672, 265, 11, 'Agar dipertahankan pelayanannya', 0),
(3673, 265, 12, '28', 0),
(3674, 265, 13, 'SLTA', 0),
(3675, 265, 14, 'PNS', 0),
(3676, 266, 1, 'Perempuan', 0),
(3677, 266, 2, 'Sangat Sesuai', 4),
(3678, 266, 3, 'Sangat Mudah', 4),
(3679, 266, 4, 'Sangat Cepat', 4),
(3680, 266, 5, 'Gratis', 4),
(3681, 266, 6, 'Sangat Sesuai', 4),
(3682, 266, 7, 'Sangat Kompeten', 4),
(3683, 266, 8, 'Sangat sopan dan ramah', 4),
(3684, 266, 9, 'Sangat Baik', 4),
(3685, 266, 10, 'Diselesaikan dengan baik', 4),
(3686, 266, 11, '-', 0),
(3687, 266, 12, '30', 0),
(3688, 266, 13, 'SLTA', 0),
(3689, 266, 14, 'TNI/Polri', 0),
(3690, 267, 1, 'Laki-laki', 0),
(3691, 267, 2, 'Sangat Sesuai', 4),
(3692, 267, 3, 'Sangat Mudah', 4),
(3693, 267, 4, 'Sangat Cepat', 4),
(3694, 267, 5, 'Gratis', 4),
(3695, 267, 6, 'Sangat Sesuai', 4),
(3696, 267, 7, 'Sangat Kompeten', 4),
(3697, 267, 8, 'Sangat sopan dan ramah', 4),
(3698, 267, 9, 'Sangat Baik', 4),
(3699, 267, 10, 'Diselesaikan dengan baik', 4),
(3700, 267, 11, '-', 0),
(3701, 267, 12, '51', 0),
(3702, 267, 13, 'Pasca Sarjana (S2/S3)', 0),
(3703, 267, 14, 'TNI/Polri', 0),
(3704, 268, 1, 'Laki-laki', 0),
(3705, 268, 2, 'Sesuai', 3),
(3706, 268, 3, 'Sangat Mudah', 4),
(3707, 268, 4, 'Sangat Cepat', 4),
(3708, 268, 5, 'Gratis', 4),
(3709, 268, 6, 'Sangat Sesuai', 4),
(3710, 268, 7, 'Sangat Kompeten', 4),
(3711, 268, 8, 'Sangat sopan dan ramah', 4),
(3712, 268, 9, 'Sangat Baik', 4),
(3713, 268, 10, 'Diselesaikan dengan baik', 4),
(3714, 268, 11, 'Pelayanan memuaskan', 0),
(3715, 268, 12, '46', 0),
(3716, 268, 13, 'SLTA', 0),
(3717, 268, 14, 'TNI/Polri', 0),
(3718, 269, 1, 'Laki-laki', 0),
(3719, 269, 2, 'Sangat Sesuai', 4),
(3720, 269, 3, 'Sangat Mudah', 4),
(3721, 269, 4, 'Sangat Cepat', 4),
(3722, 269, 5, 'Gratis', 4),
(3723, 269, 6, 'Sangat Sesuai', 4),
(3724, 269, 7, 'Sangat Kompeten', 4),
(3725, 269, 8, 'Sangat sopan dan ramah', 4),
(3726, 269, 9, 'Sangat Baik', 4),
(3727, 269, 10, 'Diselesaikan dengan baik', 4),
(3728, 269, 11, 'Ruang tunggu bersih', 0),
(3729, 269, 12, '32', 0),
(3730, 269, 13, 'SLTA', 0),
(3731, 269, 14, 'TNI/Polri', 0),
(3732, 270, 1, 'Laki-laki', 0),
(3733, 270, 2, 'Sangat Sesuai', 4),
(3734, 270, 3, 'Sangat Mudah', 4),
(3735, 270, 4, 'Sangat Cepat', 4),
(3736, 270, 5, 'Gratis', 4),
(3737, 270, 6, 'Sangat Sesuai', 4),
(3738, 270, 7, 'Sangat Kompeten', 4),
(3739, 270, 8, 'Sangat sopan dan ramah', 4),
(3740, 270, 9, 'Sangat Baik', 4),
(3741, 270, 10, 'Diselesaikan dengan baik', 4),
(3742, 270, 11, '-', 0),
(3743, 270, 12, '41', 0),
(3744, 270, 13, 'SLTA', 0),
(3745, 270, 14, 'TNI/Polri', 0),
(3746, 271, 1, 'Perempuan', 0),
(3747, 271, 2, 'Sangat Sesuai', 4),
(3748, 271, 3, 'Sangat Mudah', 4),
(3749, 271, 4, 'Sangat Cepat', 4),
(3750, 271, 5, 'Gratis', 4),
(3751, 271, 6, 'Sangat Sesuai', 4),
(3752, 271, 7, 'Sangat Kompeten', 4),
(3753, 271, 8, 'Sangat sopan dan ramah', 4),
(3754, 271, 9, 'Sangat Baik', 4),
(3755, 271, 10, 'Berfungsi kurang maksimal', 3),
(3756, 271, 11, '-', 0),
(3757, 271, 12, '33', 0),
(3758, 271, 13, 'Sarjana (S1)', 0),
(3759, 271, 14, 'PNS', 0),
(3760, 272, 1, 'Laki-laki', 0),
(3761, 272, 2, 'Sesuai', 3),
(3762, 272, 3, 'Sangat Mudah', 4),
(3763, 272, 4, 'Cepat', 3),
(3764, 272, 5, 'Gratis', 4),
(3765, 272, 6, 'Sangat Sesuai', 4),
(3766, 272, 7, 'Sangat Kompeten', 4),
(3767, 272, 8, 'Sangat sopan dan ramah', 4),
(3768, 272, 9, 'Sangat Baik', 4),
(3769, 272, 10, 'Berfungsi kurang maksimal', 3),
(3770, 272, 11, 'Tingkatkan', 0),
(3771, 272, 12, '35', 0),
(3772, 272, 13, 'SLTA', 0),
(3773, 272, 14, 'TNI/Polri', 0),
(3774, 273, 1, 'Perempuan', 0),
(3775, 273, 2, 'Sesuai', 3),
(3776, 273, 3, 'Mudah', 3),
(3777, 273, 4, 'Cepat', 3),
(3778, 273, 5, 'Gratis', 4),
(3779, 273, 6, 'Sesuai', 3),
(3780, 273, 7, 'Kompeten', 3),
(3781, 273, 8, 'Sopan dan ramah', 3),
(3782, 273, 9, 'Baik', 3),
(3783, 273, 10, 'Berfungsi kurang maksimal', 3),
(3784, 273, 11, '-', 0),
(3785, 273, 12, '34', 0),
(3786, 273, 13, 'Sarjana (S1)', 0),
(3787, 273, 14, 'Pegawai Swasta', 0),
(3788, 274, 1, 'Perempuan', 0),
(3789, 274, 2, 'Sangat Sesuai', 4),
(3790, 274, 3, 'Sangat Mudah', 4),
(3791, 274, 4, 'Cepat', 3),
(3792, 274, 5, 'Gratis', 4),
(3793, 274, 6, 'Sesuai', 3),
(3794, 274, 7, 'Sangat Kompeten', 4),
(3795, 274, 8, 'Sangat sopan dan ramah', 4),
(3796, 274, 9, 'Baik', 3),
(3797, 274, 10, 'Diselesaikan dengan baik', 4),
(3798, 274, 11, '-', 0),
(3799, 274, 12, '35', 0),
(3800, 274, 13, 'SLTA', 0),
(3801, 274, 14, 'TNI/Polri', 0),
(3802, 275, 1, 'Laki-laki', 0),
(3803, 275, 2, 'Sangat Sesuai', 4),
(3804, 275, 3, 'Sangat Mudah', 4),
(3805, 275, 4, 'Sangat Cepat', 4),
(3806, 275, 5, 'Gratis', 4),
(3807, 275, 6, 'Sangat Sesuai', 4),
(3808, 275, 7, 'Sangat Kompeten', 4),
(3809, 275, 8, 'Sangat sopan dan ramah', 4),
(3810, 275, 9, 'Sangat Baik', 4),
(3811, 275, 10, 'Diselesaikan dengan baik', 4),
(3812, 275, 11, 'Agar petugasnya lebih cepat', 0),
(3813, 275, 12, '29', 0),
(3814, 275, 13, 'Sarjana (S1)', 0),
(3815, 275, 14, 'Pegawai Swasta', 0),
(3816, 276, 1, 'Perempuan', 0),
(3817, 276, 2, 'Sesuai', 3),
(3818, 276, 3, 'Mudah', 3),
(3819, 276, 4, 'Cepat', 3),
(3820, 276, 5, 'Gratis', 4),
(3821, 276, 6, 'Sesuai', 3),
(3822, 276, 7, 'Kompeten', 3),
(3823, 276, 8, 'Sopan dan ramah', 3),
(3824, 276, 9, 'Baik', 3),
(3825, 276, 10, 'Berfungsi kurang maksimal', 3),
(3826, 276, 11, 'Baik', 0),
(3827, 276, 12, '28', 0),
(3828, 276, 13, 'SLTA', 0),
(3829, 276, 14, 'TNI/Polri', 0),
(3830, 277, 1, 'Perempuan', 0),
(3831, 277, 2, 'Sesuai', 3),
(3832, 277, 3, 'Mudah', 3),
(3833, 277, 4, 'Cepat', 3),
(3834, 277, 5, 'Murah', 3),
(3835, 277, 6, 'Sesuai', 3),
(3836, 277, 7, 'Kompeten', 3),
(3837, 277, 8, 'Sopan dan ramah', 3),
(3838, 277, 9, 'Baik', 3),
(3839, 277, 10, 'Berfungsi kurang maksimal', 3),
(3840, 277, 11, 'Ruang tunggu panas', 0),
(3841, 277, 12, '39', 0),
(3842, 277, 13, 'SMP/SLTP', 0),
(3843, 277, 14, 'Pedagang', 0),
(3844, 278, 1, 'Laki-laki', 0),
(3845, 278, 2, 'Sesuai', 3),
(3846, 278, 3, 'Mudah', 3),
(3847, 278, 4, 'Sangat Cepat', 4),
(3848, 278, 5, 'Murah', 3),
(3849, 278, 6, 'Sesuai', 3),
(3850, 278, 7, 'Kompeten', 3),
(3851, 278, 8, 'Sopan dan ramah', 3),
(3852, 278, 9, 'Baik', 3),
(3853, 278, 10, 'Berfungsi kurang maksimal', 3),
(3854, 278, 11, 'Agar lebih tepat waktu pelayanannya', 0),
(3855, 278, 12, '35', 0),
(3856, 278, 13, 'SLTA', 0),
(3857, 278, 14, 'TNI/Polri', 0),
(3858, 279, 1, 'Laki-laki', 0),
(3859, 279, 2, 'Sangat Sesuai', 4),
(3860, 279, 3, 'Sangat Mudah', 4),
(3861, 279, 4, 'Cepat', 3),
(3862, 279, 5, 'Gratis', 4),
(3863, 279, 6, 'Sesuai', 3),
(3864, 279, 7, 'Kompeten', 3),
(3865, 279, 8, 'Sangat sopan dan ramah', 4),
(3866, 279, 9, 'Baik', 3),
(3867, 279, 10, 'Diselesaikan dengan baik', 4),
(3868, 279, 11, '-', 0),
(3869, 279, 12, '37', 0),
(3870, 279, 13, 'SLTA', 0),
(3871, 279, 14, 'TNI/Polri', 0),
(3872, 280, 1, 'Laki-laki', 0),
(3873, 280, 2, 'Sesuai', 3),
(3874, 280, 3, 'Mudah', 3),
(3875, 280, 4, 'Cepat', 3),
(3876, 280, 5, 'Gratis', 4),
(3877, 280, 6, 'Sesuai', 3),
(3878, 280, 7, 'Kompeten', 3),
(3879, 280, 8, 'Sopan dan ramah', 3),
(3880, 280, 9, 'Baik', 3),
(3881, 280, 10, 'Berfungsi kurang maksimal', 3),
(3882, 280, 11, '-', 0),
(3883, 280, 12, '35', 0),
(3884, 280, 13, 'SLTA', 0),
(3885, 280, 14, 'TNI/Polri', 0),
(3886, 281, 1, 'Laki-laki', 0),
(3887, 281, 2, 'Sesuai', 3),
(3888, 281, 3, 'Mudah', 3),
(3889, 281, 4, 'Cepat', 3),
(3890, 281, 5, 'Murah', 3),
(3891, 281, 6, 'Sesuai', 3),
(3892, 281, 7, 'Kompeten', 3),
(3893, 281, 8, 'Sopan dan ramah', 3),
(3894, 281, 9, 'Baik', 3),
(3895, 281, 10, 'Berfungsi kurang maksimal', 3),
(3896, 281, 11, '-', 0),
(3897, 281, 12, '34', 0),
(3898, 281, 13, 'Sarjana (S1)', 0),
(3899, 281, 14, 'Pegawai Swasta', 0),
(3900, 282, 1, 'Laki-laki', 0),
(3901, 282, 2, 'Sesuai', 3),
(3902, 282, 3, 'Mudah', 3),
(3903, 282, 4, 'Kurang Cepat', 2),
(3904, 282, 5, 'Gratis', 4),
(3905, 282, 6, 'Sesuai', 3),
(3906, 282, 7, 'Kompeten', 3),
(3907, 282, 8, 'Sopan dan ramah', 3),
(3908, 282, 9, 'Baik', 3),
(3909, 282, 10, 'Berfungsi kurang maksimal', 3),
(3910, 282, 11, 'Sudah bagus', 0),
(3911, 282, 12, '35', 0),
(3912, 282, 13, 'Sarjana (S1)', 0),
(3913, 282, 14, 'Pegawai Swasta', 0),
(3914, 283, 1, 'Perempuan', 0),
(3915, 283, 2, 'Sesuai', 3),
(3916, 283, 3, 'Mudah', 3),
(3917, 283, 4, 'Cepat', 3),
(3918, 283, 5, 'Murah', 3),
(3919, 283, 6, 'Sesuai', 3),
(3920, 283, 7, 'Kompeten', 3),
(3921, 283, 8, 'Sopan dan ramah', 3),
(3922, 283, 9, 'Baik', 3),
(3923, 283, 10, 'Berfungsi kurang maksimal', 3),
(3924, 283, 11, '-', 0),
(3925, 283, 12, '29', 0),
(3926, 283, 13, 'SLTA', 0),
(3927, 283, 14, 'TNI/Polri', 0),
(3928, 284, 1, 'Laki-laki', 0),
(3929, 284, 2, 'Sesuai', 3),
(3930, 284, 3, 'Mudah', 3),
(3931, 284, 4, 'Cepat', 3),
(3932, 284, 5, 'Murah', 3),
(3933, 284, 6, 'Sesuai', 3),
(3934, 284, 7, 'Kompeten', 3),
(3935, 284, 8, 'Sopan dan ramah', 3),
(3936, 284, 9, 'Baik', 3),
(3937, 284, 10, 'Berfungsi kurang maksimal', 3),
(3938, 284, 11, 'Secara pelayanan baik, namun untuk fasilitas ruyang tamu masih kurang', 0),
(3939, 284, 12, '40', 0),
(3940, 284, 13, 'Sarjana (S1)', 0),
(3941, 284, 14, 'Pegawai Swasta', 0),
(3942, 285, 1, 'Perempuan', 0),
(3943, 285, 2, 'Sangat Sesuai', 4),
(3944, 285, 3, 'Mudah', 3),
(3945, 285, 4, 'Sangat Cepat', 4),
(3946, 285, 5, 'Gratis', 4),
(3947, 285, 6, 'Sesuai', 3),
(3948, 285, 7, 'Kompeten', 3),
(3949, 285, 8, 'Sangat sopan dan ramah', 4),
(3950, 285, 9, 'Baik', 3),
(3951, 285, 10, 'Ada tetapi belum berfungsi', 2),
(3952, 285, 11, 'Kurang fasilitas tempat duduk untuk tamu', 0),
(3953, 285, 12, '30', 0),
(3954, 285, 13, 'SLTA', 0),
(3955, 285, 14, 'TNI/Polri', 0),
(3956, 286, 1, 'Laki-laki', 0),
(3957, 286, 2, 'Sangat Sesuai', 4),
(3958, 286, 3, 'Sangat Mudah', 4),
(3959, 286, 4, 'Kurang Cepat', 2),
(3960, 286, 5, 'Murah', 3),
(3961, 286, 6, 'Sesuai', 3),
(3962, 286, 7, 'Kompeten', 3),
(3963, 286, 8, 'Sangat sopan dan ramah', 4),
(3964, 286, 9, 'Sangat Baik', 4),
(3965, 286, 10, 'Diselesaikan dengan baik', 4),
(3966, 286, 11, '-', 0),
(3967, 286, 12, '30', 0),
(3968, 286, 13, 'SLTA', 0),
(3969, 286, 14, 'TNI/Polri', 0),
(3970, 287, 1, 'Laki-laki', 0),
(3971, 287, 2, 'Sesuai', 3),
(3972, 287, 3, 'Sangat Mudah', 4),
(3973, 287, 4, 'Cepat', 3),
(3974, 287, 5, 'Gratis', 4),
(3975, 287, 6, 'Sesuai', 3),
(3976, 287, 7, 'Sangat Kompeten', 4),
(3977, 287, 8, 'Sangat sopan dan ramah', 4),
(3978, 287, 9, 'Sangat Baik', 4),
(3979, 287, 10, 'Diselesaikan dengan baik', 4),
(3980, 287, 11, 'Baik, tidak ada kendala', 0),
(3981, 287, 12, '38', 0),
(3982, 287, 13, 'Sarjana (S1)', 0),
(3983, 287, 14, 'TNI/Polri', 0),
(3984, 288, 1, 'Laki-laki', 0),
(3985, 288, 2, 'Sangat Sesuai', 4),
(3986, 288, 3, 'Sangat Mudah', 4),
(3987, 288, 4, 'Sangat Cepat', 4),
(3988, 288, 5, 'Gratis', 4),
(3989, 288, 6, 'Sangat Sesuai', 4),
(3990, 288, 7, 'Sangat Kompeten', 4),
(3991, 288, 8, 'Sangat sopan dan ramah', 4),
(3992, 288, 9, 'Sangat Baik', 4),
(3993, 288, 10, 'Diselesaikan dengan baik', 4),
(3994, 288, 11, '-', 0),
(3995, 288, 12, '40', 0),
(3996, 288, 13, 'SLTA', 0),
(3997, 288, 14, 'TNI/Polri', 0),
(3998, 289, 1, 'Laki-laki', 0),
(3999, 289, 2, 'Sesuai', 3),
(4000, 289, 3, 'Mudah', 3),
(4001, 289, 4, 'Cepat', 3),
(4002, 289, 5, 'Murah', 3),
(4003, 289, 6, 'Sesuai', 3),
(4004, 289, 7, 'Kompeten', 3),
(4005, 289, 8, 'Sopan dan ramah', 3),
(4006, 289, 9, 'Baik', 3),
(4007, 289, 10, 'Berfungsi kurang maksimal', 3),
(4008, 289, 11, '-', 0),
(4009, 289, 12, '53', 0),
(4010, 289, 13, 'SMP/SLTP', 0),
(4011, 289, 14, 'Petani/Nelayan', 0),
(4012, 290, 1, 'Perempuan', 0),
(4013, 290, 2, 'Sesuai', 3),
(4014, 290, 3, 'Mudah', 3),
(4015, 290, 4, 'Cepat', 3),
(4016, 290, 5, 'Murah', 3),
(4017, 290, 6, 'Sesuai', 3),
(4018, 290, 7, 'Kompeten', 3),
(4019, 290, 8, 'Sopan dan ramah', 3),
(4020, 290, 9, 'Baik', 3),
(4021, 290, 10, 'Berfungsi kurang maksimal', 3),
(4022, 290, 11, '-', 0),
(4023, 290, 12, '47', 0),
(4024, 290, 13, 'SLTA', 0),
(4025, 290, 14, 'PNS', 0),
(4026, 291, 1, 'Perempuan', 0),
(4027, 291, 2, 'Sesuai', 3),
(4028, 291, 3, 'Mudah', 3),
(4029, 291, 4, 'Cepat', 3),
(4030, 291, 5, 'Gratis', 4),
(4031, 291, 6, 'Sesuai', 3),
(4032, 291, 7, 'Kompeten', 3),
(4033, 291, 8, 'Sangat sopan dan ramah', 4),
(4034, 291, 9, 'Baik', 3),
(4035, 291, 10, 'Diselesaikan dengan baik', 4),
(4036, 291, 11, '-', 0),
(4037, 291, 12, '40', 0),
(4038, 291, 13, 'Sarjana (S1)', 0),
(4039, 291, 14, 'Pegawai Swasta', 0),
(4040, 292, 1, 'Laki-laki', 0),
(4041, 292, 2, 'Sangat Sesuai', 4),
(4042, 292, 3, 'Mudah', 3),
(4043, 292, 4, 'Sangat Cepat', 4),
(4044, 292, 5, 'Murah', 3),
(4045, 292, 6, 'Sangat Sesuai', 4),
(4046, 292, 7, 'Kompeten', 3),
(4047, 292, 8, 'Sangat sopan dan ramah', 4),
(4048, 292, 9, 'Sangat Baik', 4),
(4049, 292, 10, 'Berfungsi kurang maksimal', 3),
(4050, 292, 11, 'Test yosi ', 0),
(4051, 292, 12, '31', 0),
(4052, 292, 13, 'Sarjana (S1)', 0),
(4053, 292, 14, 'Pegawai Swasta', 0),
(4054, 293, 1, 'Laki-laki', 0),
(4055, 293, 2, 'Sesuai', 3),
(4056, 293, 3, 'Sangat Mudah', 4),
(4057, 293, 4, 'Sangat Cepat', 4),
(4058, 293, 5, 'Gratis', 4),
(4059, 293, 6, 'Sangat Sesuai', 4),
(4060, 293, 7, 'Sangat Kompeten', 4),
(4061, 293, 8, 'Sangat sopan dan ramah', 4),
(4062, 293, 9, 'Sangat Baik', 4),
(4063, 293, 10, 'Diselesaikan dengan baik', 4),
(4064, 293, 11, 'Test Yosi Malam', 0),
(4065, 293, 12, '24', 0),
(4066, 293, 13, 'Sarjana (S1)', 0),
(4067, 293, 14, 'Pelajar/Mahasiswa', 0),
(4068, 294, 1, 'Laki-laki', 0),
(4069, 294, 2, 'Sangat Sesuai', 4),
(4070, 294, 3, 'Sangat Mudah', 4),
(4071, 294, 4, 'Cepat', 3),
(4072, 294, 5, 'Murah', 3),
(4073, 294, 6, 'Sesuai', 3),
(4074, 294, 7, 'Kompeten', 3),
(4075, 294, 8, 'Sopan dan ramah', 3),
(4076, 294, 9, 'Baik', 3),
(4077, 294, 10, 'Berfungsi kurang maksimal', 3),
(4078, 294, 11, 'baik', 0),
(4079, 294, 12, '53', 0),
(4080, 294, 13, 'Diploma (D1/D2/D3/D4)', 0),
(4081, 294, 14, 'Wiraswasta/Usahawan', 0),
(4082, 295, 1, 'Laki-laki', 0),
(4083, 295, 2, 'Sangat Sesuai', 4),
(4084, 295, 3, 'Mudah', 3),
(4085, 295, 4, 'Cepat', 3),
(4086, 295, 5, 'Gratis', 4),
(4087, 295, 6, 'Sesuai', 3),
(4088, 295, 7, 'Kompeten', 3),
(4089, 295, 8, 'Sopan dan ramah', 3),
(4090, 295, 9, 'Baik', 3),
(4091, 295, 10, 'Diselesaikan dengan baik', 0),
(4092, 295, 11, 'Tempat parkir kurang\n', 0),
(4093, 295, 12, '35', 0),
(4094, 295, 13, 'SLTA', 0),
(4095, 295, 14, 'TNI/Polri', 0),
(4096, 296, 1, 'Laki-laki', 0),
(4097, 296, 2, 'Sangat Sesuai', 4),
(4098, 296, 3, 'Sangat Mudah', 4),
(4099, 296, 4, 'Sangat Cepat', 4),
(4100, 296, 5, 'Murah', 3),
(4101, 296, 6, 'Sangat Sesuai', 4),
(4102, 296, 7, 'Sangat Kompeten', 4),
(4103, 296, 8, 'Sangat sopan dan ramah', 4),
(4104, 296, 9, 'Sangat Baik', 4),
(4105, 296, 10, 'Berfungsi kurang maksimal', 3),
(4106, 296, 12, '36', 0),
(4107, 296, 13, 'SLTA', 0),
(4108, 296, 14, 'TNI/Polri', 0),
(4109, 297, 1, 'Laki-laki', 0),
(4110, 297, 2, 'Sesuai', 3),
(4111, 297, 3, 'Mudah', 3),
(4112, 297, 4, 'Cepat', 3),
(4113, 297, 5, 'Gratis', 4),
(4114, 297, 6, 'Sesuai', 3),
(4115, 297, 7, 'Kompeten', 3),
(4116, 297, 8, 'Sopan dan ramah', 3),
(4117, 297, 9, 'Baik', 3),
(4118, 297, 10, 'Berfungsi kurang maksimal', 3),
(4119, 297, 12, '40', 0),
(4120, 297, 13, 'SLTA', 0),
(4121, 297, 14, 'TNI/Polri', 0),
(4122, 298, 1, 'Perempuan', 0),
(4123, 298, 2, 'Sangat Sesuai', 4),
(4124, 298, 3, 'Mudah', 3),
(4125, 298, 4, 'Cepat', 3),
(4126, 298, 5, 'Gratis', 4),
(4127, 298, 6, 'Sesuai', 3),
(4128, 298, 7, 'Sangat Kompeten', 4),
(4129, 298, 8, 'Sopan dan ramah', 3),
(4130, 298, 9, 'Baik', 3),
(4131, 298, 10, 'Dikelola dengan baik', 4),
(4132, 298, 11, 'semoga kedepannya tetap baik', 0),
(4133, 298, 12, '23', 0),
(4134, 298, 13, 'SLTA', 0),
(4135, 298, 14, 'Pelajar/Mahasiswa', 0),
(4136, 299, 1, 'Perempuan', 0),
(4137, 299, 2, 'Sangat Sesuai', 4),
(4138, 299, 3, 'Sangat Mudah', 4),
(4139, 299, 4, 'Cepat', 3),
(4140, 299, 5, 'Gratis', 4),
(4141, 299, 6, 'Sesuai', 3),
(4142, 299, 7, 'Kompeten', 3),
(4143, 299, 8, 'Sopan dan ramah', 3),
(4144, 299, 9, 'Sangat Baik', 4),
(4145, 299, 10, 'Dikelola dengan baik', 4),
(4146, 299, 12, '22', 0),
(4147, 299, 13, 'SLTA', 0),
(4148, 299, 14, 'Pelajar/Mahasiswa', 0),
(4149, 300, 1, 'Perempuan', 0),
(4150, 300, 2, 'Sangat Sesuai', 4),
(4151, 300, 3, 'Sangat Mudah', 4),
(4152, 300, 4, 'Sangat Cepat', 4),
(4153, 300, 5, 'Gratis', 4),
(4154, 300, 6, 'Sangat Sesuai', 4),
(4155, 300, 7, 'Kompeten', 3),
(4156, 300, 8, 'Sangat sopan dan ramah', 4),
(4157, 300, 9, 'Baik', 3),
(4158, 300, 10, 'Berfungsi kurang maksimal', 3),
(4159, 300, 11, 'bravo TNI', 0),
(4160, 300, 12, '30', 0),
(4161, 300, 13, 'Sarjana (S1)', 0),
(4162, 300, 14, 'Pegawai Swasta', 0),
(4163, 301, 1, 'Perempuan', 0),
(4164, 301, 2, 'Sangat Sesuai', 4),
(4165, 301, 3, 'Sangat Mudah', 4),
(4166, 301, 4, 'Sangat Cepat', 4),
(4167, 301, 5, 'Gratis', 4),
(4168, 301, 6, 'Sangat Sesuai', 4),
(4169, 301, 7, 'Sangat Kompeten', 4),
(4170, 301, 8, 'Sangat sopan dan ramah', 4),
(4171, 301, 9, 'Sangat Baik', 4),
(4172, 301, 10, 'Dikelola dengan baik', 4),
(4173, 301, 11, 'baik dan ramah', 0),
(4174, 301, 12, '37', 0),
(4175, 301, 13, 'SLTA', 0),
(4176, 301, 14, 'TNI/Polri', 0),
(4177, 302, 1, 'Laki-laki', 0),
(4178, 302, 2, 'Sangat Sesuai', 4),
(4179, 302, 3, 'Sangat Mudah', 4),
(4180, 302, 4, 'Sangat Cepat', 4),
(4181, 302, 5, 'Gratis', 4),
(4182, 302, 6, 'Sangat Sesuai', 4),
(4183, 302, 7, 'Sangat Kompeten', 4),
(4184, 302, 8, 'Sangat sopan dan ramah', 4),
(4185, 302, 9, 'Sangat Baik', 4),
(4186, 302, 10, 'Dikelola dengan baik', 4),
(4187, 302, 12, '29', 0),
(4188, 302, 13, 'SLTA', 0),
(4189, 302, 14, 'TNI/Polri', 0),
(4190, 303, 1, 'Laki-laki', 0),
(4191, 303, 2, 'Sangat Sesuai', 4),
(4192, 303, 3, 'Sangat Mudah', 4),
(4193, 303, 4, 'Sangat Cepat', 4),
(4194, 303, 5, 'Gratis', 4),
(4195, 303, 6, 'Sesuai', 3),
(4196, 303, 7, 'Sangat Kompeten', 4),
(4197, 303, 8, 'Sangat sopan dan ramah', 4),
(4198, 303, 9, 'Sangat Baik', 4),
(4199, 303, 10, 'Dikelola dengan baik', 4),
(4200, 303, 11, 'baik', 0),
(4201, 303, 12, '35', 0),
(4202, 303, 13, 'SLTA', 0),
(4203, 303, 14, 'TNI/Polri', 0),
(4204, 304, 1, 'Perempuan', 0),
(4205, 304, 2, 'Sesuai', 3),
(4206, 304, 3, 'Mudah', 3),
(4207, 304, 4, 'Cepat', 3),
(4208, 304, 5, 'Gratis', 4),
(4209, 304, 6, 'Sesuai', 3),
(4210, 304, 7, 'Sangat Kompeten', 4),
(4211, 304, 8, 'Sopan dan ramah', 3),
(4212, 304, 9, 'Baik', 3),
(4213, 304, 10, 'Dikelola dengan baik', 4),
(4214, 304, 11, 'bagus', 0),
(4215, 304, 12, '39', 0),
(4216, 304, 13, 'SLTA', 0),
(4217, 304, 14, 'TNI/Polri', 0),
(4218, 305, 1, 'Perempuan', 0),
(4219, 305, 2, 'Sesuai', 3),
(4220, 305, 3, 'Mudah', 3),
(4221, 305, 4, 'Cepat', 3),
(4222, 305, 5, 'Murah', 3),
(4223, 305, 6, 'Sesuai', 3),
(4224, 305, 7, 'Kompeten', 3),
(4225, 305, 8, 'Sopan dan ramah', 3),
(4226, 305, 9, 'Baik', 3),
(4227, 305, 10, 'Berfungsi kurang maksimal', 3),
(4228, 305, 12, '37', 0),
(4229, 305, 13, 'SLTA', 0),
(4230, 305, 14, 'TNI/Polri', 0),
(4231, 306, 1, 'Laki-laki', 0),
(4232, 306, 2, 'Sesuai', 3),
(4233, 306, 3, 'Mudah', 3),
(4234, 306, 4, 'Sangat Cepat', 4),
(4235, 306, 5, 'Gratis', 4),
(4236, 306, 6, 'Sesuai', 3),
(4237, 306, 7, 'Sangat Kompeten', 4),
(4238, 306, 8, 'Kurang sopan dan ramah', 2),
(4239, 306, 9, 'Sangat Baik', 4),
(4240, 306, 10, 'Berfungsi kurang maksimal', 3),
(4241, 306, 12, '34', 0),
(4242, 306, 13, 'SLTA', 0),
(4243, 306, 14, 'TNI/Polri', 0),
(4244, 307, 1, 'Laki-laki', 0),
(4245, 307, 2, 'Sangat Sesuai', 4),
(4246, 307, 3, 'Sangat Mudah', 4),
(4247, 307, 4, 'Sangat Cepat', 4),
(4248, 307, 5, 'Gratis', 4),
(4249, 307, 6, 'Sesuai', 3),
(4250, 307, 7, 'Kompeten', 3),
(4251, 307, 8, 'Sopan dan ramah', 3),
(4252, 307, 9, 'Sangat Baik', 4),
(4253, 307, 10, 'Berfungsi kurang maksimal', 3),
(4254, 307, 11, 'kantin kurang besar', 0),
(4255, 307, 12, '37', 0),
(4256, 307, 13, 'SMP/SLTP', 0),
(4257, 307, 14, 'Pedagang', 0),
(4258, 308, 1, 'Perempuan', 0),
(4259, 308, 2, 'Sangat Sesuai', 4),
(4260, 308, 3, 'Sangat Mudah', 4),
(4261, 308, 4, 'Cepat', 3),
(4262, 308, 5, 'Gratis', 4),
(4263, 308, 6, 'Sesuai', 3),
(4264, 308, 7, 'Kompeten', 3),
(4265, 308, 8, 'Sopan dan ramah', 3),
(4266, 308, 9, 'Baik', 3),
(4267, 308, 10, 'Berfungsi kurang maksimal', 3),
(4268, 308, 12, '47', 0),
(4269, 308, 13, 'SLTA', 0),
(4270, 308, 14, 'PNS', 0),
(4271, 309, 1, 'Laki-laki', 0),
(4272, 309, 2, 'Sesuai', 3),
(4273, 309, 3, 'Kurang Mudah', 2),
(4274, 309, 4, 'Cepat', 3),
(4275, 309, 5, 'Gratis', 4),
(4276, 309, 6, 'Sesuai', 3),
(4277, 309, 7, 'Kompeten', 3),
(4278, 309, 8, 'Sangat sopan dan ramah', 4),
(4279, 309, 9, 'Sangat Baik', 4),
(4280, 309, 10, 'Dikelola dengan baik', 4),
(4281, 309, 11, 'lanjutkan dan tingkatkan', 0),
(4282, 309, 12, '35', 0),
(4283, 309, 13, 'SLTA', 0),
(4284, 309, 14, 'TNI/Polri', 0),
(4285, 310, 1, 'Perempuan', 0),
(4286, 310, 2, 'Sesuai', 3),
(4287, 310, 3, 'Mudah', 3),
(4288, 310, 4, 'Cepat', 3),
(4289, 310, 5, 'Gratis', 4),
(4290, 310, 6, 'Sangat Sesuai', 4),
(4291, 310, 7, 'Sangat Kompeten', 4),
(4292, 310, 8, 'Sopan dan ramah', 3),
(4293, 310, 9, 'Baik', 3),
(4294, 310, 10, 'Berfungsi kurang maksimal', 3),
(4295, 310, 11, 'toilet kurang bersih', 0),
(4296, 310, 12, '23', 0),
(4297, 310, 13, 'SLTA', 0),
(4298, 310, 14, 'TNI/Polri', 0),
(4299, 311, 1, 'Laki-laki', 0),
(4300, 311, 2, 'Sesuai', 3),
(4301, 311, 3, 'Mudah', 3),
(4302, 311, 4, 'Cepat', 3),
(4303, 311, 5, 'Murah', 3),
(4304, 311, 6, 'Sesuai', 3),
(4305, 311, 7, 'Kompeten', 3),
(4306, 311, 8, 'Sopan dan ramah', 3),
(4307, 311, 9, 'Baik', 3),
(4308, 311, 10, 'Dikelola dengan baik', 4),
(4309, 311, 12, '36', 0),
(4310, 311, 13, 'SLTA', 0),
(4311, 311, 14, 'TNI/Polri', 0),
(4312, 312, 1, 'Perempuan', 0),
(4313, 312, 2, 'Sesuai', 3),
(4314, 312, 3, 'Mudah', 3),
(4315, 312, 4, 'Cepat', 3),
(4316, 312, 5, 'Murah', 3),
(4317, 312, 6, 'Sangat Sesuai', 4),
(4318, 312, 7, 'Kompeten', 3),
(4319, 312, 8, 'Sangat sopan dan ramah', 4),
(4320, 312, 9, 'Baik', 3),
(4321, 312, 10, 'Berfungsi kurang maksimal', 3),
(4322, 312, 12, '29', 0),
(4323, 312, 13, 'SLTA', 0),
(4324, 312, 14, 'Pegawai Swasta', 0),
(4325, 313, 1, 'Laki-laki', 0),
(4326, 313, 2, 'Sangat Sesuai', 4),
(4327, 313, 3, 'Sangat Mudah', 4),
(4328, 313, 4, 'Sangat Cepat', 4),
(4329, 313, 5, 'Gratis', 4),
(4330, 313, 6, 'Sangat Sesuai', 4),
(4331, 313, 7, 'Sangat Kompeten', 4),
(4332, 313, 8, 'Sangat sopan dan ramah', 4),
(4333, 313, 9, 'Sangat Baik', 4),
(4334, 313, 10, 'Berfungsi kurang maksimal', 3),
(4335, 313, 12, '31', 0),
(4336, 313, 13, 'SLTA', 0),
(4337, 313, 14, 'TNI/Polri', 0),
(4338, 314, 1, 'Laki-laki', 0),
(4339, 314, 2, 'Sangat Sesuai', 4),
(4340, 314, 3, 'Sangat Mudah', 4),
(4341, 314, 4, 'Cepat', 3),
(4342, 314, 5, 'Gratis', 4),
(4343, 314, 6, 'Sesuai', 3),
(4344, 314, 7, 'Sangat Kompeten', 4),
(4345, 314, 8, 'Sopan dan ramah', 3),
(4346, 314, 9, 'Sangat Baik', 4),
(4347, 314, 10, 'Berfungsi kurang maksimal', 3),
(4348, 314, 11, 'pertahankan kebersihannya', 0),
(4349, 314, 12, '49', 0),
(4350, 314, 13, 'Pasca Sarjana (S2/S3)', 0),
(4351, 314, 14, 'TNI/Polri', 0),
(4352, 315, 1, 'Laki-laki', 0),
(4353, 315, 2, 'Sangat Sesuai', 4),
(4354, 315, 3, 'Sangat Mudah', 4),
(4355, 315, 4, 'Sangat Cepat', 4),
(4356, 315, 5, 'Gratis', 4),
(4357, 315, 6, 'Sangat Sesuai', 4),
(4358, 315, 7, 'Sangat Kompeten', 4),
(4359, 315, 8, 'Sangat sopan dan ramah', 4),
(4360, 315, 9, 'Sangat Baik', 4),
(4361, 315, 10, 'Dikelola dengan baik', 4),
(4362, 315, 11, 'yosi test 12:15', 0),
(4363, 315, 12, '12', 0),
(4364, 315, 13, 'Pasca Sarjana (S2/S3)', 0),
(4365, 315, 14, 'Pelajar/Mahasiswa', 0),
(4366, 316, 1, 'Laki-laki', 0),
(4367, 316, 2, 'Sesuai', 3),
(4368, 316, 3, 'Kurang Mudah', 2),
(4369, 316, 4, 'Cepat', 3),
(4370, 316, 5, 'Cukup Mahal', 2),
(4371, 316, 6, 'Sesuai', 3),
(4372, 316, 7, 'Sangat Kompeten', 4),
(4373, 316, 8, 'Kurang sopan dan ramah', 2),
(4374, 316, 9, 'Baik', 3),
(4375, 316, 10, 'Ada tetapi belum berfungsi', 2),
(4376, 316, 11, 'yosi test 12:18\n', 0),
(4377, 316, 12, '31', 0),
(4378, 316, 13, 'Diploma (D1/D2/D3/D4)', 0),
(4379, 316, 14, 'Pelajar/Mahasiswa', 0),
(4380, 317, 1, 'Perempuan', 0),
(4381, 317, 2, 'Sesuai', 3),
(4382, 317, 3, 'Sangat Mudah', 4),
(4383, 317, 4, 'Sangat Cepat', 4),
(4384, 317, 5, 'Gratis', 4),
(4385, 317, 6, 'Sesuai', 3),
(4386, 317, 7, 'Kompeten', 3),
(4387, 317, 8, 'Sopan dan ramah', 3),
(4388, 317, 9, 'Sangat Baik', 4),
(4389, 317, 10, 'Dikelola dengan baik', 4),
(4390, 317, 11, 'sarana baik', 0),
(4391, 317, 12, '22', 0),
(4392, 317, 13, 'SLTA', 0),
(4393, 317, 14, 'Pelajar/Mahasiswa', 0),
(4394, 318, 1, 'Perempuan', 0),
(4395, 318, 2, 'Sangat Sesuai', 4),
(4396, 318, 3, 'Mudah', 3),
(4397, 318, 4, 'Sangat Cepat', 4),
(4398, 318, 5, 'Gratis', 4),
(4399, 318, 6, 'Sesuai', 3),
(4400, 318, 7, 'Kompeten', 3),
(4401, 318, 8, 'Sopan dan ramah', 3),
(4402, 318, 9, 'Baik', 3),
(4403, 318, 10, 'Dikelola dengan baik', 4),
(4404, 318, 11, 'bersih', 0),
(4405, 318, 12, '22', 0),
(4406, 318, 13, 'SLTA', 0),
(4407, 318, 14, 'Pelajar/Mahasiswa', 0),
(4408, 319, 1, 'Laki-laki', 0),
(4409, 319, 2, 'Sesuai', 3),
(4410, 319, 3, 'Mudah', 3),
(4411, 319, 4, 'Cepat', 3),
(4412, 319, 5, 'Murah', 3),
(4413, 319, 6, 'Sesuai', 3),
(4414, 319, 7, 'Kompeten', 3),
(4415, 319, 8, 'Sopan dan ramah', 3),
(4416, 319, 9, 'Baik', 3),
(4417, 319, 10, 'Berfungsi kurang maksimal', 3),
(4418, 319, 12, '34', 0),
(4419, 319, 13, 'SLTA', 0),
(4420, 319, 14, 'TNI/Polri', 0),
(4421, 320, 1, 'Perempuan', 0),
(4422, 320, 2, 'Sesuai', 3),
(4423, 320, 3, 'Mudah', 3),
(4424, 320, 4, 'Sangat Cepat', 4),
(4425, 320, 5, 'Gratis', 4),
(4426, 320, 6, 'Sesuai', 3),
(4427, 320, 7, 'Kompeten', 3),
(4428, 320, 8, 'Sopan dan ramah', 3),
(4429, 320, 9, 'Sangat Baik', 4),
(4430, 320, 10, 'Berfungsi kurang maksimal', 3),
(4431, 320, 11, 'tolong dipertahankan dalam pelayanannya', 0),
(4432, 320, 12, '41', 0),
(4433, 320, 13, 'Sarjana (S1)', 0),
(4434, 320, 14, 'PNS', 0),
(4435, 321, 1, 'Laki-laki', 0),
(4436, 321, 2, 'Sesuai', 3),
(4437, 321, 3, 'Mudah', 3),
(4438, 321, 4, 'Sangat Cepat', 4),
(4439, 321, 5, 'Gratis', 4),
(4440, 321, 6, 'Sesuai', 3),
(4441, 321, 7, 'Kompeten', 3),
(4442, 321, 8, 'Sopan dan ramah', 3),
(4443, 321, 9, 'Sangat Baik', 4),
(4444, 321, 10, 'Berfungsi kurang maksimal', 3),
(4445, 321, 12, '41', 0),
(4446, 321, 13, 'Sarjana (S1)', 0),
(4447, 321, 14, 'PNS', 0),
(4448, 322, 1, 'Laki-laki', 0),
(4449, 322, 2, 'Sesuai', 3),
(4450, 322, 3, 'Mudah', 3),
(4451, 322, 4, 'Sangat Cepat', 4),
(4452, 322, 5, 'Gratis', 4),
(4453, 322, 6, 'Sangat Sesuai', 4),
(4454, 322, 7, 'Kompeten', 3),
(4455, 322, 8, 'Sopan dan ramah', 3),
(4456, 322, 9, 'Baik', 3),
(4457, 322, 10, 'Berfungsi kurang maksimal', 3),
(4458, 322, 11, 'kebersihan untuk ditingkatkan kembali', 0),
(4459, 322, 12, '41', 0),
(4460, 322, 13, 'SLTA', 0),
(4461, 322, 14, 'TNI/Polri', 0),
(4462, 323, 1, 'Laki-laki', 0),
(4463, 323, 2, 'Sangat Sesuai', 4),
(4464, 323, 3, 'Mudah', 3),
(4465, 323, 4, 'Kurang Cepat', 2),
(4466, 323, 5, 'Gratis', 4),
(4467, 323, 6, 'Sesuai', 3),
(4468, 323, 7, 'Kompeten', 3),
(4469, 323, 8, 'Sopan dan ramah', 3),
(4470, 323, 9, 'Baik', 3),
(4471, 323, 10, 'Dikelola dengan baik', 4),
(4472, 323, 11, 'mohon tepat waktu', 0),
(4473, 323, 12, '51', 0),
(4474, 323, 13, 'Pasca Sarjana (S2/S3)', 0),
(4475, 323, 14, 'TNI/Polri', 0),
(4476, 324, 1, 'Perempuan', 0),
(4477, 324, 2, 'Sesuai', 3),
(4478, 324, 3, 'Mudah', 3),
(4479, 324, 4, 'Cepat', 3),
(4480, 324, 5, 'Gratis', 4),
(4481, 324, 6, 'Sesuai', 3),
(4482, 324, 7, 'Kompeten', 3),
(4483, 324, 8, 'Sopan dan ramah', 3),
(4484, 324, 9, 'Baik', 3),
(4485, 324, 10, 'Berfungsi kurang maksimal', 3),
(4486, 324, 12, '30', 0),
(4487, 324, 13, 'Sarjana (S1)', 0),
(4488, 324, 14, 'Pegawai Swasta', 0),
(4489, 325, 1, 'Laki-laki', 0),
(4490, 325, 2, 'Sesuai', 3),
(4491, 325, 3, 'Mudah', 3),
(4492, 325, 4, 'Sangat Cepat', 4),
(4493, 325, 5, 'Gratis', 4),
(4494, 325, 6, 'Sangat Sesuai', 4),
(4495, 325, 7, 'Kompeten', 3),
(4496, 325, 8, 'Sopan dan ramah', 3),
(4497, 325, 9, 'Baik', 3),
(4498, 325, 10, 'Dikelola dengan baik', 4),
(4499, 325, 11, 'sudah bagus', 0),
(4500, 325, 12, '32', 0),
(4501, 325, 13, 'SLTA', 0),
(4502, 325, 14, 'TNI/Polri', 0),
(4503, 326, 1, 'Perempuan', 0),
(4504, 326, 2, 'Sesuai', 3),
(4505, 326, 3, 'Mudah', 3),
(4506, 326, 4, 'Sangat Cepat', 4),
(4507, 326, 5, 'Gratis', 4),
(4508, 326, 6, 'Sesuai', 3),
(4509, 326, 7, 'Kompeten', 3),
(4510, 326, 8, 'Sopan dan ramah', 3),
(4511, 326, 9, 'Baik', 3),
(4512, 326, 10, 'Dikelola dengan baik', 4),
(4513, 326, 12, '23', 0),
(4514, 326, 13, 'SLTA', 0),
(4515, 326, 14, 'Pelajar/Mahasiswa', 0),
(4516, 327, 1, 'Laki-laki', 0),
(4517, 327, 2, 'Sesuai', 3),
(4518, 327, 3, 'Sangat Mudah', 4),
(4519, 327, 4, 'Kurang Cepat', 2),
(4520, 327, 5, 'Gratis', 4),
(4521, 327, 6, 'Sesuai', 3),
(4522, 327, 7, 'Sangat Kompeten', 4),
(4523, 327, 8, 'Sopan dan ramah', 3),
(4524, 327, 9, 'Sangat Baik', 4),
(4525, 327, 10, 'Dikelola dengan baik', 4),
(4526, 327, 12, '28', 0),
(4527, 327, 13, 'SLTA', 0),
(4528, 327, 14, 'TNI/Polri', 0),
(4529, 328, 1, 'Laki-laki', 0),
(4530, 328, 2, 'Sesuai', 3),
(4531, 328, 3, 'Mudah', 3),
(4532, 328, 4, 'Cepat', 3),
(4533, 328, 5, 'Murah', 3),
(4534, 328, 6, 'Sesuai', 3),
(4535, 328, 7, 'Kompeten', 3),
(4536, 328, 8, 'Sopan dan ramah', 3),
(4537, 328, 9, 'Baik', 3),
(4538, 328, 10, 'Dikelola dengan baik', 4),
(4539, 328, 11, 'baik dan bersih', 0),
(4540, 328, 12, '41', 0),
(4541, 328, 13, 'SLTA', 0),
(4542, 328, 14, 'TNI/Polri', 0),
(4543, 329, 1, 'Perempuan', 0),
(4544, 329, 2, 'Sangat Sesuai', 4),
(4545, 329, 3, 'Mudah', 3),
(4546, 329, 4, 'Cepat', 3),
(4547, 329, 5, 'Murah', 3),
(4548, 329, 6, 'Sesuai', 3),
(4549, 329, 7, 'Sangat Kompeten', 4),
(4550, 329, 8, 'Sopan dan ramah', 3),
(4551, 329, 9, 'Sangat Baik', 4),
(4552, 329, 10, 'Dikelola dengan baik', 4),
(4553, 329, 12, '34', 0),
(4554, 329, 13, 'Sarjana (S1)', 0),
(4555, 329, 14, 'Pegawai Swasta', 0),
(4556, 330, 1, 'Perempuan', 0),
(4557, 330, 2, 'Sesuai', 3),
(4558, 330, 3, 'Mudah', 3),
(4559, 330, 4, 'Cepat', 3),
(4560, 330, 5, 'Murah', 3),
(4561, 330, 6, 'Sesuai', 3),
(4562, 330, 7, 'Kompeten', 3),
(4563, 330, 8, 'Sopan dan ramah', 3),
(4564, 330, 9, 'Baik', 3),
(4565, 330, 10, 'Berfungsi kurang maksimal', 3),
(4566, 330, 12, '37', 0),
(4567, 330, 13, 'Sarjana (S1)', 0),
(4568, 330, 14, 'Pegawai Swasta', 0),
(4569, 331, 1, 'Laki-laki', 0),
(4570, 331, 2, 'Sesuai', 3),
(4571, 331, 3, 'Mudah', 3),
(4572, 331, 4, 'Cepat', 3),
(4573, 331, 5, 'Gratis', 4),
(4574, 331, 6, 'Sesuai', 3),
(4575, 331, 7, 'Kompeten', 3),
(4576, 331, 8, 'Sopan dan ramah', 3),
(4577, 331, 9, 'Cukup', 2),
(4578, 331, 10, 'Dikelola dengan baik', 4),
(4579, 331, 11, 'agar ditingkastkan', 0),
(4580, 331, 12, '45', 0),
(4581, 331, 13, 'Sarjana (S1)', 0),
(4582, 331, 14, 'TNI/Polri', 0),
(4583, 332, 1, 'Laki-laki', 0),
(4584, 332, 2, 'Sesuai', 3),
(4585, 332, 3, 'Mudah', 3),
(4586, 332, 4, 'Cepat', 3),
(4587, 332, 5, 'Gratis', 4),
(4588, 332, 6, 'Sangat Sesuai', 4),
(4589, 332, 7, 'Kompeten', 3),
(4590, 332, 8, 'Sopan dan ramah', 3),
(4591, 332, 9, 'Baik', 3),
(4592, 332, 10, 'Dikelola dengan baik', 4),
(4593, 332, 11, 'ddhghdh', 0),
(4594, 332, 12, '30', 0),
(4595, 332, 13, 'SLTA', 0),
(4596, 332, 14, 'TNI/Polri', 0),
(4597, 333, 1, 'Laki-laki', 0),
(4598, 333, 2, 'Sesuai', 3),
(4599, 333, 3, 'Mudah', 3),
(4600, 333, 4, 'Cepat', 3),
(4601, 333, 5, 'Gratis', 4),
(4602, 333, 6, 'Sesuai', 3),
(4603, 333, 7, 'Kompeten', 3),
(4604, 333, 8, 'Sopan dan ramah', 3),
(4605, 333, 9, 'Baik', 3),
(4606, 333, 10, 'Dikelola dengan baik', 4),
(4607, 333, 11, 'lebih ditingkatkan lagi dalam kinerjanya', 0),
(4608, 333, 12, '28', 0),
(4609, 333, 13, 'SLTA', 0),
(4610, 333, 14, 'TNI/Polri', 0),
(4611, 334, 1, 'Perempuan', 0),
(4612, 334, 2, 'Sesuai', 3),
(4613, 334, 3, 'Mudah', 3),
(4614, 334, 4, 'Cepat', 3),
(4615, 334, 5, 'Gratis', 4),
(4616, 334, 6, 'Sesuai', 3),
(4617, 334, 7, 'Kompeten', 3),
(4618, 334, 8, 'Sopan dan ramah', 3),
(4619, 334, 9, 'Baik', 3),
(4620, 334, 10, 'Dikelola dengan baik', 4),
(4621, 334, 11, 'Baik untuk keseluruhan', 0),
(4622, 334, 12, '28', 0),
(4623, 334, 13, 'Sarjana (S1)', 0),
(4624, 334, 14, 'Wiraswasta/Usahawan', 0),
(4625, 335, 1, 'Laki-laki', 0),
(4626, 335, 2, 'Sesuai', 3),
(4627, 335, 3, 'Mudah', 3),
(4628, 335, 4, 'Cepat', 3),
(4629, 335, 5, 'Murah', 3),
(4630, 335, 6, 'Sesuai', 3),
(4631, 335, 7, 'Kompeten', 3),
(4632, 335, 8, 'Sopan dan ramah', 3),
(4633, 335, 9, 'Baik', 3),
(4634, 335, 10, 'Dikelola dengan baik', 4),
(4635, 335, 11, 'Untuk ruang tunggu ditambah AC agar bisa lebih sejuk dan tidak terasa panas', 0),
(4636, 335, 12, '56', 0),
(4637, 335, 13, 'SLTA', 0),
(4638, 335, 14, 'Wiraswasta/Usahawan', 0),
(4639, 336, 1, 'Laki-laki', 0),
(4640, 336, 2, 'Sesuai', 3),
(4641, 336, 3, 'Sangat Mudah', 4),
(4642, 336, 4, 'Sangat Cepat', 4),
(4643, 336, 5, 'Gratis', 4),
(4644, 336, 6, 'Sesuai', 3),
(4645, 336, 7, 'Kompeten', 3),
(4646, 336, 8, 'Sopan dan ramah', 3),
(4647, 336, 9, 'Baik', 3),
(4648, 336, 10, 'Dikelola dengan baik', 4),
(4649, 336, 11, 'tetap semangat  pertahankan pelayanan yng sudah baik  ', 0),
(4650, 336, 12, '52', 0),
(4651, 336, 13, 'SMP/SLTP', 0),
(4652, 336, 14, 'TNI/Polri', 0),
(4653, 337, 1, 'Laki-laki', 0),
(4654, 337, 2, 'Sesuai', 3),
(4655, 337, 3, 'Mudah', 3),
(4656, 337, 4, 'Cepat', 3),
(4657, 337, 5, 'Gratis', 4),
(4658, 337, 6, 'Sesuai', 3),
(4659, 337, 7, 'Kompeten', 3),
(4660, 337, 8, 'Sopan dan ramah', 3),
(4661, 337, 9, 'Baik', 3),
(4662, 337, 10, 'Dikelola dengan baik', 4),
(4663, 337, 11, 'trimakasih atas bantuanya dan pelayanan semoga allah swt akan senantiasa memberikan yg terbaik bagi semuanya mhn doa restu sy mengikuti kontestasi pilkades 2019 semoga lancar dan sukses selalu  aamiiiiin', 0),
(4664, 337, 12, '52', 0),
(4665, 337, 13, 'SLTA', 0),
(4666, 337, 14, 'TNI/Polri', 0),
(4667, 338, 1, 'Laki-laki', 0),
(4668, 338, 2, 'Sesuai', 3),
(4669, 338, 3, 'Mudah', 3),
(4670, 338, 4, 'Cepat', 3),
(4671, 338, 5, 'Gratis', 4),
(4672, 338, 6, 'Sesuai', 3),
(4673, 338, 7, 'Kompeten', 3),
(4674, 338, 8, 'Sopan dan ramah', 3),
(4675, 338, 9, 'Sangat Baik', 4),
(4676, 338, 10, 'Dikelola dengan baik', 4),
(4677, 338, 11, 'semoga pelayanan     ini  tetap berjalan  selamanya    amiiin', 0),
(4678, 338, 12, '54', 0),
(4679, 338, 13, 'SMP/SLTP', 0),
(4680, 338, 14, 'TNI/Polri', 0),
(4681, 339, 1, 'Laki-laki', 0),
(4682, 339, 2, 'Sesuai', 3),
(4683, 339, 3, 'Mudah', 3),
(4684, 339, 4, 'Cepat', 3),
(4685, 339, 5, 'Gratis', 4),
(4686, 339, 6, 'Sesuai', 3),
(4687, 339, 7, 'Kompeten', 3),
(4688, 339, 8, 'Sopan dan ramah', 3),
(4689, 339, 9, 'Cukup', 2),
(4690, 339, 10, 'Dikelola dengan baik', 4),
(4691, 339, 11, 'pertahankan dan tingkatkan kembali pelayanan lebih yg maksimal', 0),
(4692, 339, 12, '50', 0),
(4693, 339, 13, 'SMP/SLTP', 0),
(4694, 339, 14, 'TNI/Polri', 0),
(4695, 340, 1, 'Laki-laki', 0),
(4696, 340, 2, 'Sangat Sesuai', 4),
(4697, 340, 3, 'Mudah', 3),
(4698, 340, 4, 'Cepat', 3),
(4699, 340, 5, 'Gratis', 4),
(4700, 340, 6, 'Sesuai', 3),
(4701, 340, 7, 'Kompeten', 3),
(4702, 340, 8, 'Sopan dan ramah', 3),
(4703, 340, 9, 'Baik', 3),
(4704, 340, 10, 'Dikelola dengan baik', 4),
(4705, 340, 11, 'sangat baik dan petugasnyya ramah-ramah ', 0),
(4706, 340, 12, '53', 0),
(4707, 340, 13, 'SLTA', 0),
(4708, 340, 14, 'TNI/Polri', 0),
(4709, 341, 1, 'Laki-laki', 0),
(4710, 341, 2, 'Sangat Sesuai', 4),
(4711, 341, 3, 'Sangat Mudah', 4),
(4712, 341, 4, 'Sangat Cepat', 4),
(4713, 341, 5, 'Gratis', 4),
(4714, 341, 6, 'Sangat Sesuai', 4),
(4715, 341, 7, 'Sangat Kompeten', 4),
(4716, 341, 8, 'Sangat sopan dan ramah', 4),
(4717, 341, 9, 'Sangat Baik', 4),
(4718, 341, 10, 'Dikelola dengan baik', 4),
(4719, 341, 11, 'sangat baik dan pelayanannyya sangat memuaskan ', 0),
(4720, 341, 12, '46', 0),
(4721, 341, 13, 'Sarjana (S1)', 0),
(4722, 341, 14, 'TNI/Polri', 0),
(4723, 342, 1, 'Perempuan', 0),
(4724, 342, 2, 'Sesuai', 3),
(4725, 342, 3, 'Mudah', 3),
(4726, 342, 4, 'Cepat', 3),
(4727, 342, 5, 'Murah', 3),
(4728, 342, 6, 'Sesuai', 3),
(4729, 342, 7, 'Kompeten', 3),
(4730, 342, 8, 'Sopan dan ramah', 3),
(4731, 342, 9, 'Baik', 3),
(4732, 342, 10, 'Dikelola dengan baik', 4),
(4733, 342, 11, 'pertahankan kebersihannya kalau bisa ditingkatkan lagi', 0),
(4734, 342, 12, '60', 0),
(4735, 342, 13, 'SLTA', 0),
(4736, 342, 14, 'Petani/Nelayan', 0),
(4737, 343, 1, 'Laki-laki', 0),
(4738, 343, 2, 'Sesuai', 3),
(4739, 343, 3, 'Mudah', 3),
(4740, 343, 4, 'Cepat', 3),
(4741, 343, 5, 'Murah', 3),
(4742, 343, 6, 'Sesuai', 3),
(4743, 343, 7, 'Kompeten', 3),
(4744, 343, 8, 'Sopan dan ramah', 3),
(4745, 343, 9, 'Baik', 3),
(4746, 343, 10, 'Dikelola dengan baik', 4),
(4747, 343, 11, 'saran tingkatkan dan sukses selalu untuk pengadilan militer..terima kasih', 0),
(4748, 343, 12, '34', 0),
(4749, 343, 13, 'Sarjana (S1)', 0),
(4750, 343, 14, 'TNI/Polri', 0),
(4751, 344, 1, 'Laki-laki', 0),
(4752, 344, 2, 'Sesuai', 3),
(4753, 344, 3, 'Sangat Mudah', 4),
(4754, 344, 4, 'Cepat', 3),
(4755, 344, 5, 'Gratis', 4),
(4756, 344, 6, 'Sangat Sesuai', 4),
(4757, 344, 7, 'Kompeten', 3),
(4758, 344, 8, 'Sopan dan ramah', 3),
(4759, 344, 9, 'Baik', 3),
(4760, 344, 10, 'Dikelola dengan baik', 4),
(4761, 344, 12, '35', 0),
(4762, 344, 13, 'SLTA', 0),
(4763, 344, 14, 'TNI/Polri', 0),
(4764, 345, 1, 'Laki-laki', 0),
(4765, 345, 2, 'Sesuai', 3),
(4766, 345, 3, 'Mudah', 3),
(4767, 345, 4, 'Cepat', 3),
(4768, 345, 5, 'Murah', 3),
(4769, 345, 6, 'Sesuai', 3),
(4770, 345, 7, 'Kompeten', 3),
(4771, 345, 8, 'Sopan dan ramah', 3),
(4772, 345, 9, 'Baik', 3),
(4773, 345, 10, 'Dikelola dengan baik', 4),
(4774, 345, 11, 'lebih baik lagi', 0),
(4775, 345, 12, '42', 0),
(4776, 345, 13, 'Pasca Sarjana (S2/S3)', 0),
(4777, 345, 14, 'TNI/Polri', 0),
(4778, 346, 1, 'Perempuan', 0),
(4779, 346, 2, 'Sesuai', 3),
(4780, 346, 3, 'Mudah', 3),
(4781, 346, 4, 'Cepat', 3),
(4782, 346, 5, 'Murah', 3),
(4783, 346, 6, 'Sesuai', 3),
(4784, 346, 7, 'Kompeten', 3),
(4785, 346, 8, 'Sopan dan ramah', 3),
(4786, 346, 9, 'Baik', 3),
(4787, 346, 10, 'Dikelola dengan baik', 4),
(4788, 346, 11, 'lebih baik lagi', 0),
(4789, 346, 12, '21', 0),
(4790, 346, 13, 'SLTA', 0),
(4791, 346, 14, 'TNI/Polri', 0),
(4792, 347, 1, 'Perempuan', 0),
(4793, 347, 2, 'Sesuai', 3),
(4794, 347, 3, 'Mudah', 3),
(4795, 347, 4, 'Cepat', 3),
(4796, 347, 5, 'Murah', 3),
(4797, 347, 6, 'Sesuai', 3),
(4798, 347, 7, 'Kompeten', 3),
(4799, 347, 8, 'Sopan dan ramah', 3),
(4800, 347, 9, 'Baik', 3),
(4801, 347, 10, 'Dikelola dengan baik', 4),
(4802, 347, 11, 'pelayanan yang diberikan cukup ', 0),
(4803, 347, 12, '19', 0),
(4804, 347, 13, 'SLTA', 0),
(4805, 347, 14, 'TNI/Polri', 0),
(4806, 348, 1, 'Laki-laki', 0),
(4807, 348, 2, 'Sangat Sesuai', 4),
(4808, 348, 3, 'Sangat Mudah', 4),
(4809, 348, 4, 'Sangat Cepat', 4),
(4810, 348, 5, 'Gratis', 4),
(4811, 348, 6, 'Sangat Sesuai', 4),
(4812, 348, 7, 'Sangat Kompeten', 4),
(4813, 348, 8, 'Sangat sopan dan ramah', 4),
(4814, 348, 9, 'Sangat Baik', 4),
(4815, 348, 10, 'Dikelola dengan baik', 4),
(4816, 348, 11, 'pengadilan militer surabaya pelayannannya sangat cepat dan memuaskan.', 0),
(4817, 348, 12, '36', 0),
(4818, 348, 13, 'Sarjana (S1)', 0),
(4819, 348, 14, 'PNS', 0),
(4820, 349, 1, 'Laki-laki', 0),
(4821, 349, 2, 'Sangat Sesuai', 4),
(4822, 349, 3, 'Sangat Mudah', 4),
(4823, 349, 4, 'Sangat Cepat', 4),
(4824, 349, 5, 'Gratis', 4),
(4825, 349, 6, 'Sangat Sesuai', 4),
(4826, 349, 7, 'Sangat Kompeten', 4),
(4827, 349, 8, 'Sangat sopan dan ramah', 4),
(4828, 349, 9, 'Sangat Baik', 4),
(4829, 349, 10, 'Dikelola dengan baik', 4);
INSERT INTO `data_jawaban` (`id`, `id_data`, `id_pertanyaan`, `jawaban`, `bobot`) VALUES
(4830, 349, 11, 'sangat kompenten dan pelayannannya  sangat ramah dan cepat.', 0),
(4831, 349, 12, '38', 0),
(4832, 349, 13, 'Sarjana (S1)', 0),
(4833, 349, 14, 'TNI/Polri', 0),
(4834, 350, 1, 'Laki-laki', 0),
(4835, 350, 2, 'Sesuai', 3),
(4836, 350, 3, 'Sangat Mudah', 4),
(4837, 350, 4, 'Sangat Cepat', 4),
(4838, 350, 5, 'Gratis', 4),
(4839, 350, 6, 'Sesuai', 3),
(4840, 350, 7, 'Sangat Kompeten', 4),
(4841, 350, 8, 'Sangat sopan dan ramah', 4),
(4842, 350, 9, 'Baik', 3),
(4843, 350, 10, 'Dikelola dengan baik', 4),
(4844, 350, 11, 'mungkin perlu ada tambahan personil front office', 0),
(4845, 350, 12, '39', 0),
(4846, 350, 13, 'Pasca Sarjana (S2/S3)', 0),
(4847, 350, 14, 'PNS', 0),
(4848, 351, 1, 'Laki-laki', 0),
(4849, 351, 2, 'Sesuai', 3),
(4850, 351, 3, 'Mudah', 3),
(4851, 351, 4, 'Cepat', 3),
(4852, 351, 5, 'Gratis', 4),
(4853, 351, 6, 'Sesuai', 3),
(4854, 351, 7, 'Kompeten', 3),
(4855, 351, 8, 'Sopan dan ramah', 3),
(4856, 351, 9, 'Cukup', 2),
(4857, 351, 10, 'Berfungsi kurang maksimal', 3),
(4858, 351, 11, 'Pertahankan kalau perlu ditingkatkan lagi layanannya.', 0),
(4859, 351, 12, '55', 0),
(4860, 351, 13, 'SLTA', 0),
(4861, 351, 14, 'PNS', 0),
(4862, 352, 1, 'Laki-laki', 0),
(4863, 352, 2, 'Sesuai', 3),
(4864, 352, 3, 'Sangat Mudah', 4),
(4865, 352, 4, 'Sangat Cepat', 4),
(4866, 352, 5, 'Gratis', 4),
(4867, 352, 6, 'Sangat Sesuai', 4),
(4868, 352, 7, 'Sangat Kompeten', 4),
(4869, 352, 8, 'Sangat sopan dan ramah', 4),
(4870, 352, 9, 'Sangat Baik', 4),
(4871, 352, 10, 'Dikelola dengan baik', 4),
(4872, 352, 11, 'sangat  perlu di pertahankan\n', 0),
(4873, 352, 12, '44', 0),
(4874, 352, 13, 'SLTA', 0),
(4875, 352, 14, 'TNI/Polri', 0),
(4876, 353, 1, 'Laki-laki', 0),
(4877, 353, 2, 'Sangat Sesuai', 4),
(4878, 353, 3, 'Sangat Mudah', 4),
(4879, 353, 4, 'Sangat Cepat', 4),
(4880, 353, 5, 'Gratis', 4),
(4881, 353, 6, 'Sangat Sesuai', 4),
(4882, 353, 7, 'Sangat Kompeten', 4),
(4883, 353, 8, 'Sangat sopan dan ramah', 4),
(4884, 353, 9, 'Sangat Baik', 4),
(4885, 353, 10, 'Dikelola dengan baik', 4),
(4886, 353, 11, 'sangat memuaskan dlm pelayanan n.\n', 0),
(4887, 353, 12, '39', 0),
(4888, 353, 13, 'Sarjana (S1)', 0),
(4889, 353, 14, 'TNI/Polri', 0),
(4890, 354, 1, 'Laki-laki', 0),
(4891, 354, 2, 'Sangat Sesuai', 4),
(4892, 354, 3, 'Mudah', 3),
(4893, 354, 4, 'Cepat', 3),
(4894, 354, 5, 'Murah', 3),
(4895, 354, 6, 'Sesuai', 3),
(4896, 354, 7, 'Sangat Kompeten', 4),
(4897, 354, 8, 'Sopan dan ramah', 3),
(4898, 354, 9, 'Sangat Baik', 4),
(4899, 354, 10, 'Dikelola dengan baik', 4),
(4900, 354, 11, 'perlu adanya buku pengetahuan tentang peradilan militer dan mendaPATKAN BERKAS YG SUDAH BERKEKUATAN H YG TETAP SBG CONTOH PEMBEL;AJARAN BAGI SISWA PENYIDIK POMAL', 0),
(4901, 354, 12, '45', 0),
(4902, 354, 13, 'SLTA', 0),
(4903, 354, 14, 'TNI/Polri', 0),
(4904, 355, 1, 'Laki-laki', 0),
(4905, 355, 2, 'Sangat Sesuai', 4),
(4906, 355, 3, 'Sangat Mudah', 4),
(4907, 355, 4, 'Sangat Cepat', 4),
(4908, 355, 5, 'Murah', 3),
(4909, 355, 6, 'Sangat Sesuai', 4),
(4910, 355, 7, 'Sangat Kompeten', 4),
(4911, 355, 8, 'Sangat sopan dan ramah', 4),
(4912, 355, 9, 'Sangat Baik', 4),
(4913, 355, 10, 'Dikelola dengan baik', 4),
(4914, 355, 11, 'pelayanan di penggadilan militer sangat memuaskan dan pelayanannya ramah-ramah.', 0),
(4915, 355, 12, '33', 0),
(4916, 355, 13, 'Sarjana (S1)', 0),
(4917, 355, 14, 'TNI/Polri', 0),
(4918, 356, 1, 'Laki-laki', 0),
(4919, 356, 2, 'Sesuai', 3),
(4920, 356, 3, 'Mudah', 3),
(4921, 356, 4, 'Kurang Cepat', 2),
(4922, 356, 5, 'Murah', 3),
(4923, 356, 6, 'Sesuai', 3),
(4924, 356, 7, 'Kompeten', 3),
(4925, 356, 8, 'Sopan dan ramah', 3),
(4926, 356, 9, 'Baik', 3),
(4927, 356, 10, 'Dikelola dengan baik', 4),
(4928, 356, 11, 'sudah bagus tinggal ditingkatkan lagi', 0),
(4929, 356, 12, '45', 0),
(4930, 356, 13, 'SLTA', 0),
(4931, 356, 14, 'Pedagang', 0),
(4932, 357, 1, 'Perempuan', 0),
(4933, 357, 2, 'Sesuai', 3),
(4934, 357, 3, 'Mudah', 3),
(4935, 357, 4, 'Cepat', 3),
(4936, 357, 5, 'Gratis', 4),
(4937, 357, 6, 'Sesuai', 3),
(4938, 357, 7, 'Kompeten', 3),
(4939, 357, 8, 'Sopan dan ramah', 3),
(4940, 357, 9, 'Baik', 3),
(4941, 357, 10, 'Dikelola dengan baik', 4),
(4942, 357, 12, '30', 0),
(4943, 357, 13, 'Sarjana (S1)', 0),
(4944, 357, 14, 'PNS', 0);

-- --------------------------------------------------------

--
-- Table structure for table `jawaban`
--

CREATE TABLE IF NOT EXISTS `jawaban` (
  `id` int(11) NOT NULL AUTO_INCREMENT,
  `id_pertanyaan` int(11) NOT NULL,
  `jawaban` text NOT NULL,
  `bobot` int(11) NOT NULL,
  PRIMARY KEY (`id`)
) ENGINE=InnoDB  DEFAULT CHARSET=latin1 AUTO_INCREMENT=54 ;

--
-- Dumping data for table `jawaban`
--

INSERT INTO `jawaban` (`id`, `id_pertanyaan`, `jawaban`, `bobot`) VALUES
(1, 1, 'Laki-laki', 0),
(2, 1, 'Perempuan', 0),
(3, 2, 'Tidak Sesuai', 1),
(4, 2, 'Kurang Sesuai', 2),
(5, 2, 'Sesuai', 3),
(6, 2, 'Sangat Sesuai', 4),
(7, 3, 'Tidak Mudah', 1),
(8, 3, 'Kurang Mudah', 2),
(9, 3, 'Mudah', 3),
(10, 3, 'Sangat Mudah', 4),
(11, 4, 'Tidak Cepat', 1),
(12, 4, 'Kurang Cepat', 2),
(13, 4, 'Cepat', 3),
(14, 4, 'Sangat Cepat', 4),
(15, 5, 'Sangat Mahal', 1),
(16, 5, 'Cukup Mahal', 2),
(17, 5, 'Murah', 3),
(18, 5, 'Gratis', 4),
(19, 6, 'Tidak Sesuai', 1),
(20, 6, 'Kurang Sesuai', 2),
(21, 6, 'Sesuai', 3),
(22, 6, 'Sangat Sesuai', 4),
(23, 7, 'Tidak kompeten', 1),
(24, 7, 'Kurang Kompeten', 2),
(25, 7, 'Kompeten', 3),
(26, 7, 'Sangat Kompeten', 4),
(27, 8, 'Tidak sopan dan ramah', 1),
(28, 8, 'Kurang sopan dan ramah', 2),
(29, 8, 'Sopan dan ramah', 3),
(30, 8, 'Sangat sopan dan ramah', 4),
(31, 9, 'Buruk', 1),
(32, 9, 'Cukup', 2),
(33, 9, 'Baik', 3),
(34, 9, 'Sangat Baik', 4),
(35, 10, 'Tidak Ada', 1),
(36, 10, 'Ada tetapi belum berfungsi', 2),
(37, 10, 'Berfungsi kurang maksimal', 3),
(38, 10, 'Dikelola dengan baik', 4),
(39, 13, 'Tidak Sekolah', 0),
(40, 13, 'SD', 0),
(41, 13, 'SMP/SLTP', 0),
(42, 13, 'SLTA', 0),
(43, 13, 'Diploma (D1/D2/D3/D4)', 0),
(44, 13, 'Sarjana (S1)', 0),
(45, 13, 'Pasca Sarjana (S2/S3)', 0),
(46, 14, 'PNS', 0),
(47, 14, 'TNI/Polri', 0),
(48, 14, 'Pegawai Swasta', 0),
(49, 14, 'Wiraswasta/Usahawan', 0),
(50, 14, 'Petani/Nelayan', 0),
(51, 14, 'Pedagang', 0),
(52, 14, 'Pelajar/Mahasiswa', 0),
(53, 14, 'Lainnya', 0);

-- --------------------------------------------------------

--
-- Table structure for table `pegawai`
--

CREATE TABLE IF NOT EXISTS `pegawai` (
  `id` int(11) NOT NULL AUTO_INCREMENT,
  `nama` varchar(150) NOT NULL,
  `nrp` varchar(150) NOT NULL,
  `pangkat` varchar(150) NOT NULL,
  `jabatan` tinytext NOT NULL,
  `kesatuan` varchar(100) NOT NULL,
  `gelar` varchar(25) NOT NULL,
  `hp` varchar(15) NOT NULL,
  `email` varchar(100) NOT NULL,
  PRIMARY KEY (`id`)
) ENGINE=InnoDB  DEFAULT CHARSET=latin1 AUTO_INCREMENT=55 ;

--
-- Dumping data for table `pegawai`
--

INSERT INTO `pegawai` (`id`, `nama`, `nrp`, `pangkat`, `jabatan`, `kesatuan`, `gelar`, `hp`, `email`) VALUES
(5, 'Asep Ridwan Hasyim', '12360', 'Kolonel Laut (KH)', 'Kepala Pengadilan', 'Pengadilan Militer III-12 Surabaya', ', S.H.,M.Si.,M.H.', '', ''),
(6, 'Sugiarto', '54831', 'Letkol Chk', 'Wakil Kepala', 'Pengadilan Militer III-12 Surabaya', 'S.H.', '', ''),
(7, 'Saiful Maarif', '547972', 'Letkol Chk', 'Hakim Militer', 'Pengadilan Militer III-12 Surabaya', 'S.H', '', ''),
(8, 'Dwi Yudo Utomo', '607952', 'Letkol Chk', 'Hakim Militer', 'Pengadilan Militer III-12 Surabaya', ', S.H.', '', ''),
(9, 'Niarti', '522941', 'Letkol Sus', 'Hakim Militer', 'Pengadilan Militer III-12 Surabaya', ', S.H.', '', ''),
(10, 'Rizki Gunturida', '11000000640270', 'Mayor Chk', 'Hakim Militer', 'Pengadilan Militer III-12 Surabaya', 'S.H.', '', ''),
(11, 'Tatang Sujana Krida', '1102000960372', 'Mayor Chk', 'Hakim Militer', 'Pengadilan Militer III-12 Surabaya', 'S.H.', '', ''),
(13, 'Joko Trianto', '11020016150177', 'Mayor Chk', 'Hakim Militer', 'Pengadilan Militer III-12 Surabaya', ', S.H.', '', ''),
(14, 'Johanes S. Taruk', '2910010890171', 'Mayor Chk', 'Hakim Militer', 'Pengadilan Militer III-12 Surabaya', ', S.H.,M.H.', '', ''),
(15, 'Khairudin', '2910088600570', 'Mayor Chk', 'Hakim Militer', 'Pengadilan Militer III-12 Surabaya', ', S.H.', '', ''),
(16, 'Tamrin', '21960347280475', 'Kapten Chk', 'Panmud Pidana	', 'Pengadilan Militer III-12 Surabaya', 'S.H.', '', ''),
(17, 'Muhaimin', '21960347690177', 'Peltu', 'Panitera Pengganti', 'Pengadilan Militer III-12 Surabaya', 'S.H.,M.H.', '', ''),
(19, 'Moch. Fauzan', '21960346110176', 'Pelda', 'Panitera Pengganti', 'Pengadilan Militer III-12 Surabaya', '', '', ''),
(20, 'Agus Iswanto', '21010251261080', 'Serma', 'Staf Panmud Pidana', 'Pengadilan Militer III-12 Surabaya', '', '', ''),
(21, 'Slamet', '21020097980681', 'Serma', 'Staf Subbag Kepeg, Ortala', 'Pengadilan Militer III-12 Surabaya', '', '', ''),
(22, 'Sapto Adi Pamungkas', '21980225800378', 'Serka', 'Staf Subbag Umum Dan Keuangan', 'Pengadilan Militer III-12 Surabaya', '', '', ''),
(23, 'Nuryati', '104997', 'Serka Keu (W)', 'Staf Panmud Pidana', 'Pengadilan Militer III-12 Surabaya', '', '', ''),
(24, 'Suwoko', '31950160391072', 'Sertu', 'Staf Subbag Umum Dan Keuangan', 'Pengadilan Militer III-12 Surabaya', '', '', ''),
(25, 'Akhmad Aji Wibayu', '21110095320492', 'Sertu', 'Staf Panmud Pidana', 'Pengadilan Militer III-12 Surabaya', '', '', ''),
(26, 'Ailis Iskandar', '93275', 'Koptu Ttu', 'Staf Subbag Umum Dan Keuangan', 'Pengadilan Militer III-12 Surabaya', '', '', ''),
(27, 'Marzuki', '112371', 'Kopda Mes', 'Staf Panmud Pidana', 'Pengadilan Militer III-12 Surabaya', '', '', ''),
(28, 'Rijani Widyanti', '19701128 199003 2 001', 'Penata (III/c)', 'Kasubbag Kepegawaian, Ortala', 'Pengadilan Militer III-12 Surabaya', '', '', ''),
(29, 'Firda Nuril Hanifah', '19780408 200604 2 001', 'Penata (III/c)', 'Kasubbag PTIP', 'Pengadilan Militer III-12 Surabaya', ', S.Si', '6282141644999', ''),
(30, 'Ainur Rofiq', '19790317 200604 1 004', 'Penata (III/c)', 'Kasubbag Umum Dan Keuangan', 'Pengadilan Militer III-12 Surabaya', ', S.E', '', ''),
(31, 'Nurul Aini', '', '', 'Pramubakti', 'Pengadilan Militer III-12 Surabaya', '', '', ''),
(32, 'Wahyudi', '', '', 'Pengemudi', 'Pengadilan Militer III-12 Surabaya', 'S.E', '', ''),
(33, 'Dewi Sekar N.', '', '', 'Pramubakti', 'Pengadilan Militer III-12 Surabaya', '', '', ''),
(34, 'Dody Prasetyo', '', '', 'Security', 'Pengadilan Militer III-12 Surabaya', '', '', ''),
(35, 'Mike Saputra', '', '', 'Security', 'Pengadilan Militer III-12 Surabaya', '', '', ''),
(36, 'Hando Fahfahla', '', '', 'Pramubakti', 'Pengadilan Militer III-12 Surabaya', '', '', ''),
(37, 'M. Maskur', '', '', 'Security', 'Pengadilan Militer III-12 Surabaya', '', '', ''),
(38, 'Alfin Afrizal', '', '', 'Pramubakti', 'Pengadilan Militer III-12 Surabaya', '', '', ''),
(39, 'Wahyu Tri Cahyono', '', '', 'Security', 'Pengadilan Militer III-12 Surabaya', '', '', ''),
(40, 'Setijo Utomo', '19700307 199403 1 002', 'Penata Muda TK. I (III/b)', 'Staf Subbag Umum Dan Keuangan', 'Pengadilan Militer III-12 Surabaya', '', '', ''),
(41, 'Melanti Puspara', '19840530 200604 2 002', 'Penata Muda TK. I (III/b)', 'Staf Subbag PTIP', 'Pengadilan Militer III-12 Surabaya', ', A.Md.', '', ''),
(42, 'Ratih Dina Agustin', '19760825 199803 2 002', 'Penata Muda TK. I (III/b)', 'Staf Panmud Hukum', 'Pengadilan Militer III-12 Surabaya', '', '', ''),
(43, 'Febrica H.Sitourus', '19841112 200904 2 011', 'Penata Muda (III/a)', 'Staf Panmud Pidana', 'Pengadilan Militer III-12 Surabaya', ', A.Md.', '', ''),
(44, 'Hj. Mayatu Sofia', '19650307.198602.2.001', 'Pembina (IV/a)', 'Kabag Perencanaan dan Kepegawaian', 'Pengadilan Militer III-12 Surabaya', ', S.H.', '', ''),
(45, 'H. Zainal Abidin', '19720220.200003.1.001', 'Pembina (IV/a)', 'Kasub Bag TU & Rumah Tangga', 'Pengadilan Militer III-12 Surabaya', ', S.Ag, M.H.', '', ''),
(46, 'Yudhistira Adi Pinto', '19811016.200604.1.005', 'Penata (III/c)', 'Kasub Bag Keu & Pelaporan', 'Pengadilan Militer III-12 Surabaya', 'S.E.', '', ''),
(47, 'Mastuhi', '19770410.200112.1.004', 'Penata (III/c)', 'Staf', 'Pengadilan Militer III-12 Surabaya', ', S.Ag, MH.', '', ''),
(48, 'Muthiya Sari', '19790829.200604.2.004', 'Penata (III/c)', 'Staf', 'Pengadilan Militer III-12 Surabaya', ', S.Sos.', '', ''),
(49, 'Rini Hafsari Susilawati', '19820121.200912.2.001', 'Penata Muda TK. I (III/b)', 'Staf', 'Pengadilan Militer III-12 Surabaya', ', S.E.', '', ''),
(50, 'Wiwit Rahmadhani', '19840612.200904.2.003', 'Penata Muda TK. I (III/b)', 'Staf', 'Pengadilan Militer III-12 Surabaya', ', S.E.', '', ''),
(51, 'Ahmad Ghufran', '19840311.201101.1.005', 'Penata Muda TK. I (III/b)', 'Staf', 'Pengadilan Militer III-12 Surabaya', ', S.E., M.M.', '', ''),
(52, 'Abdul Rachman', '19830813.201101.1.005', 'Penata Muda TK. I (III/b)', 'Staf', 'Pengadilan Militer III-12 Surabaya', ', S.E.', '6285645888788', ''),
(53, 'Tri Wahyuni', '19850129.200904.2.002', 'Penata Muda TK. I (III/b)', 'Staf', 'Pengadilan Militer III-12 Surabaya', ', S.Kom', '', ''),
(54, 'M. Ukbah Rizal', '19850214.200912.1.002', 'Penata Muda TK. I (III/b)', 'Staf', 'Pengadilan Militer III-12 Surabaya', ', S. Kom', '', '');

-- --------------------------------------------------------

--
-- Table structure for table `pertanyaan`
--

CREATE TABLE IF NOT EXISTS `pertanyaan` (
  `id` int(11) NOT NULL AUTO_INCREMENT,
  `ruang_lingkup` text NOT NULL,
  `pertanyaan` text NOT NULL,
  `type` varchar(25) NOT NULL,
  `urutan` int(11) NOT NULL,
  PRIMARY KEY (`id`)
) ENGINE=InnoDB  DEFAULT CHARSET=latin1 AUTO_INCREMENT=15 ;

--
-- Dumping data for table `pertanyaan`
--

INSERT INTO `pertanyaan` (`id`, `ruang_lingkup`, `pertanyaan`, `type`, `urutan`) VALUES
(1, 'Identitas Responden', 'Jenis Kelamin', 'single-select', 1),
(2, 'Persyaratan', 'Bagaimana pendapat saudara tentang kesesuaian persyaratan pelayanan dengan jenis pelayanannya?', 'single-select', 5),
(3, 'Sistem, Mekanisme, dan Prosedur', 'Bagaimana pemahaman saudara tentang kemudahan prosedur pelayanan di unit ini?', 'single-select', 6),
(4, 'Waktu Penyelesaian', 'Bagaimana pemahaman saudara tentang kecepatan waktu dalam memberikan pelayanan?', 'single-select', 7),
(5, 'Biaya/Tarif', 'Bagaimana pendapat saudara tentang kewajaran biaya/tarif dalam pelayanan?', 'single-select', 8),
(6, 'Produk Spesifikasi Jenis Pelayanan', 'Bagaimana pendapat saudara tentang kesesuaian produk pelayanan antara yang tercantum dalam standar pelayanan dengan hasil yang diberikan?', 'single-select', 9),
(7, 'Kompetensi Pelaksana', 'Bagaimana pendapat saudara tentang kompetensi/kemampuan petugas dalam pelayanan?', 'single-select', 10),
(8, 'Perilaku Pelaksana', 'Bagaimana pendapat saudara tentang perilaku petugas dalam pelayanan terkait kesopanan dan keramahan?', 'single-select', 11),
(9, 'Penanganan Pengaduan, Saran dan Masukan', 'Bagaimana pendapat saudara tentang kualitas sarana dan prasarana?', 'single-select', 12),
(10, 'Sarana dan Prasarana', 'Bagaimana pendapat saudara tentang penanganan pengaduan pengguna layanan?', 'single-select', 13),
(11, 'Saran', 'Saran', 'text-field-large', 14),
(12, 'Identitas Responden', 'Umur', 'text-field-small', 1),
(13, 'Identitas Responden', 'Pendidikan Terakhir', 'single-select', 3),
(14, 'Identitas Responden', 'Pekerjaan Utama', 'single-select', 4);

-- --------------------------------------------------------

--
-- Table structure for table `range`
--

CREATE TABLE IF NOT EXISTS `range` (
  `id` int(11) NOT NULL AUTO_INCREMENT,
  `min` float NOT NULL,
  `max` float NOT NULL,
  `nilai_min` float NOT NULL,
  `nilai_max` float NOT NULL,
  `value` varchar(2) NOT NULL,
  `value2` varchar(50) NOT NULL,
  PRIMARY KEY (`id`)
) ENGINE=InnoDB  DEFAULT CHARSET=latin1 AUTO_INCREMENT=5 ;

--
-- Dumping data for table `range`
--

INSERT INTO `range` (`id`, `min`, `max`, `nilai_min`, `nilai_max`, `value`, `value2`) VALUES
(1, 25, 64.99, 1, 2.5996, 'TB', 'Tidak Baik'),
(2, 65, 76.6, 2.6, 3.064, 'KB', 'Kurang Baik'),
(3, 76.61, 88.3, 3.0644, 3.532, 'B', 'Baik'),
(4, 88.31, 100, 3.5324, 4, 'SB', 'Sangat Baik');

-- --------------------------------------------------------

--
-- Table structure for table `user`
--

CREATE TABLE IF NOT EXISTS `user` (
  `id` int(11) NOT NULL AUTO_INCREMENT,
  `user` varchar(25) NOT NULL,
  `nama` text NOT NULL,
  `email` varchar(35) NOT NULL,
  `password` text NOT NULL,
  PRIMARY KEY (`id`)
) ENGINE=InnoDB  DEFAULT CHARSET=latin1 AUTO_INCREMENT=3 ;

--
-- Dumping data for table `user`
--

INSERT INTO `user` (`id`, `user`, `nama`, `email`, `password`) VALUES
(1, 'admin', 'Administrator', 'admin@gmail.com', '21232f297a57a5a743894a0e4a801fc3'),
(2, 'adminsiskom', 'AdminSiskom', 'admin@gmail.com', 'a67f780767c41c66e92f7f0143448f56');

/*!40101 SET CHARACTER_SET_CLIENT=@OLD_CHARACTER_SET_CLIENT */;
/*!40101 SET CHARACTER_SET_RESULTS=@OLD_CHARACTER_SET_RESULTS */;
/*!40101 SET COLLATION_CONNECTION=@OLD_COLLATION_CONNECTION */;
